method,value,se,true_value,par
CC,.70676821,.14650996,.5,trt
MI_T,.68418825,.12550431,.5,trt
MI_LOGT,.71247953,.14108141,.5,trt
CC,.34850079,.15998788,.5,trt
MI_T,.40600821,.14098307,.5,trt
MI_LOGT,.42870033,.13585888,.5,trt
CC,.64950752,.15215683,.5,trt
MI_T,.50287008,.13007805,.5,trt
MI_LOGT,.56040514,.1168512,.5,trt
CC,.43205339,.12628527,.5,trt
MI_T,.46732849,.11770109,.5,trt
MI_LOGT,.49225026,.11797793,.5,trt
CC,.42272082,.13811737,.5,trt
MI_T,.43057594,.12465809,.5,trt
MI_LOGT,.42082012,.12512499,.5,trt
CC,.61598259,.14519639,.5,trt
MI_T,.57238436,.11938836,.5,trt
MI_LOGT,.56948972,.14591245,.5,trt
CC,.58106273,.13772988,.5,trt
MI_T,.58071709,.13390215,.5,trt
MI_LOGT,.63665301,.14852244,.5,trt
CC,.4800128,.15775034,.5,trt
MI_T,.44851607,.17425299,.5,trt
MI_LOGT,.37554497,.13486606,.5,trt
CC,.2908099,.15114167,.5,trt
MI_T,.39181164,.14263926,.5,trt
MI_LOGT,.35351977,.1453307,.5,trt
CC,.53879416,.15026112,.5,trt
MI_T,.59747952,.13432792,.5,trt
MI_LOGT,.61945444,.13040957,.5,trt
CC,.54165602,.12889767,.5,trt
MI_T,.596255,.11210544,.5,trt
MI_LOGT,.56747073,.1244615,.5,trt
CC,.44760281,.14988542,.5,trt
MI_T,.43192616,.13395548,.5,trt
MI_LOGT,.47987181,.13249736,.5,trt
CC,.65357047,.13506047,.5,trt
MI_T,.71920615,.12512742,.5,trt
MI_LOGT,.73173261,.1188037,.5,trt
CC,.30353758,.1317701,.5,trt
MI_T,.34045377,.12930337,.5,trt
MI_LOGT,.36201411,.1176127,.5,trt
CC,.64476079,.15660693,.5,trt
MI_T,.70185715,.136039,.5,trt
MI_LOGT,.65506929,.15707211,.5,trt
CC,.38783115,.13906568,.5,trt
MI_T,.42861104,.13584761,.5,trt
MI_LOGT,.34452638,.12012648,.5,trt
CC,.63721293,.14665306,.5,trt
MI_T,.65512484,.12433089,.5,trt
MI_LOGT,.60184038,.12881637,.5,trt
CC,.54127729,.15203077,.5,trt
MI_T,.5810219,.1232147,.5,trt
MI_LOGT,.52569222,.15757726,.5,trt
CC,.55579263,.20143393,.5,trt
MI_T,.45970532,.21571158,.5,trt
MI_LOGT,.55657226,.16906641,.5,trt
CC,.27131152,.14655691,.5,trt
MI_T,.33356652,.13130911,.5,trt
MI_LOGT,.29608101,.13156545,.5,trt
CC,.64056683,.14537764,.5,trt
MI_T,.60218573,.13970719,.5,trt
MI_LOGT,.61287409,.12563057,.5,trt
CC,.29313481,.14375834,.5,trt
MI_T,.36136121,.12744085,.5,trt
MI_LOGT,.3447032,.12604336,.5,trt
CC,.4646596,.13268663,.5,trt
MI_T,.47905827,.11633375,.5,trt
MI_LOGT,.47742531,.11679281,.5,trt
CC,.60759658,.13268924,.5,trt
MI_T,.59044141,.11086722,.5,trt
MI_LOGT,.61791062,.12853937,.5,trt
CC,.51832479,.14072365,.5,trt
MI_T,.53525472,.13462101,.5,trt
MI_LOGT,.55501419,.1265219,.5,trt
CC,.42953315,.16669121,.5,trt
MI_T,.51185971,.14227001,.5,trt
MI_LOGT,.49002931,.14740616,.5,trt
CC,.38319504,.15514658,.5,trt
MI_T,.35301155,.12517786,.5,trt
MI_LOGT,.3980864,.11724151,.5,trt
CC,.55083877,.15540293,.5,trt
MI_T,.53245497,.15055026,.5,trt
MI_LOGT,.53238708,.15126774,.5,trt
CC,.45703986,.14006983,.5,trt
MI_T,.45218861,.12215133,.5,trt
MI_LOGT,.39871094,.11834413,.5,trt
CC,.49776548,.16702464,.5,trt
MI_T,.49539998,.14687729,.5,trt
MI_LOGT,.50100678,.13513614,.5,trt
CC,.4747366,.14506289,.5,trt
MI_T,.54318458,.14739057,.5,trt
MI_LOGT,.55622035,.12292103,.5,trt
CC,.45005333,.13001825,.5,trt
MI_T,.47290099,.12909845,.5,trt
MI_LOGT,.43706515,.1419332,.5,trt
CC,.92183262,.15328383,.5,trt
MI_T,.70553386,.1305892,.5,trt
MI_LOGT,.67270476,.16388035,.5,trt
CC,.62482184,.15506323,.5,trt
MI_T,.61300981,.14174841,.5,trt
MI_LOGT,.50104946,.14038822,.5,trt
CC,.67643076,.13685755,.5,trt
MI_T,.51472938,.1565766,.5,trt
MI_LOGT,.56430602,.1218245,.5,trt
CC,.27216932,.14353016,.5,trt
MI_T,.30900678,.12026125,.5,trt
MI_LOGT,.27253112,.12906991,.5,trt
CC,.30466428,.1652403,.5,trt
MI_T,.36641082,.14444667,.5,trt
MI_LOGT,.42708725,.13576272,.5,trt
CC,.50063598,.16025957,.5,trt
MI_T,.42668235,.12955937,.5,trt
MI_LOGT,.45844123,.13031083,.5,trt
CC,.74726921,.16220662,.5,trt
MI_T,.68412042,.14124292,.5,trt
MI_LOGT,.64520985,.14068089,.5,trt
CC,.28256747,.15628211,.5,trt
MI_T,.40419856,.13176879,.5,trt
MI_LOGT,.39759833,.15994357,.5,trt
CC,.52646679,.10945772,.5,trt
MI_T,.4653073,.09673214,.5,trt
MI_LOGT,.45745197,.11632618,.5,trt
CC,.45951223,.13993996,.5,trt
MI_T,.37949413,.13125122,.5,trt
MI_LOGT,.37844193,.15477759,.5,trt
CC,.81990409,.13430327,.5,trt
MI_T,.81102771,.12549113,.5,trt
MI_LOGT,.76944095,.11345651,.5,trt
CC,.55839616,.16299585,.5,trt
MI_T,.54968423,.14522249,.5,trt
MI_LOGT,.55868423,.15000318,.5,trt
CC,.66448694,.14606088,.5,trt
MI_T,.61416668,.13450554,.5,trt
MI_LOGT,.58156991,.1312798,.5,trt
CC,.52290118,.13244553,.5,trt
MI_T,.57121223,.11142176,.5,trt
MI_LOGT,.58308357,.10175313,.5,trt
CC,.080067463,.13020216,.5,trt
MI_T,.15387802,.10737875,.5,trt
MI_LOGT,.1460351,.11445814,.5,trt
CC,.41135412,.15042879,.5,trt
MI_T,.44655097,.11823857,.5,trt
MI_LOGT,.40751338,.1177358,.5,trt
CC,.6137796,.16488121,.5,trt
MI_T,.70533901,.12823801,.5,trt
MI_LOGT,.6845305,.12149371,.5,trt
CC,.77473527,.1663751,.5,trt
MI_T,.66546661,.14376681,.5,trt
MI_LOGT,.6267767,.1393337,.5,trt
CC,.63582414,.16280317,.5,trt
MI_T,.68330991,.14707695,.5,trt
MI_LOGT,.68119693,.13867602,.5,trt
CC,.48226076,.13218775,.5,trt
MI_T,.45931077,.12609859,.5,trt
MI_LOGT,.42382446,.13177738,.5,trt
CC,.4839583,.11975731,.5,trt
MI_T,.52537316,.13277024,.5,trt
MI_LOGT,.5180366,.11246631,.5,trt
CC,.61540061,.14718747,.5,trt
MI_T,.52938795,.13010341,.5,trt
MI_LOGT,.55386227,.12507974,.5,trt
CC,.50611717,.13012993,.5,trt
MI_T,.47538584,.1280722,.5,trt
MI_LOGT,.49893349,.11349554,.5,trt
CC,.42325461,.1428923,.5,trt
MI_T,.21710655,.143087,.5,trt
MI_LOGT,.28728589,.12514618,.5,trt
CC,.39907658,.14169323,.5,trt
MI_T,.30116051,.1518531,.5,trt
MI_LOGT,.38361105,.15712988,.5,trt
CC,.45449239,.138004,.5,trt
MI_T,.47049978,.13454604,.5,trt
MI_LOGT,.43861267,.12670207,.5,trt
CC,.23653015,.15201001,.5,trt
MI_T,.30870351,.12902448,.5,trt
MI_LOGT,.32708248,.13226557,.5,trt
CC,.49353817,.14951898,.5,trt
MI_T,.50432277,.13337781,.5,trt
MI_LOGT,.51022303,.11601349,.5,trt
CC,.58316392,.14856045,.5,trt
MI_T,.60823017,.12063025,.5,trt
MI_LOGT,.60691768,.12109961,.5,trt
CC,.59212959,.12823638,.5,trt
MI_T,.64572078,.10852411,.5,trt
MI_LOGT,.62214893,.12413985,.5,trt
CC,.80911767,.14572881,.5,trt
MI_T,.80416155,.13039479,.5,trt
MI_LOGT,.67866635,.13520946,.5,trt
CC,.63811678,.11477768,.5,trt
MI_T,.55281204,.10055485,.5,trt
MI_LOGT,.55639684,.12701564,.5,trt
CC,.26320815,.15312563,.5,trt
MI_T,.29683334,.13549061,.5,trt
MI_LOGT,.27318439,.13711312,.5,trt
CC,.57920367,.13420802,.5,trt
MI_T,.54251826,.11823091,.5,trt
MI_LOGT,.48174307,.15659794,.5,trt
CC,.40763426,.15669374,.5,trt
MI_T,.38664329,.12644026,.5,trt
MI_LOGT,.40519631,.13546026,.5,trt
CC,.40775594,.13291577,.5,trt
MI_T,.44551343,.10674397,.5,trt
MI_LOGT,.43205661,.11579656,.5,trt
CC,.56420135,.12402514,.5,trt
MI_T,.60311007,.11510229,.5,trt
MI_LOGT,.59439898,.10407787,.5,trt
CC,.39326909,.13481791,.5,trt
MI_T,.43855613,.12904076,.5,trt
MI_LOGT,.50705189,.1196919,.5,trt
CC,.50850844,.1386545,.5,trt
MI_T,.49400443,.133808,.5,trt
MI_LOGT,.61518294,.1348789,.5,trt
CC,.78612649,.14763182,.5,trt
MI_T,.59613276,.1185985,.5,trt
MI_LOGT,.63937986,.13561529,.5,trt
CC,.65366125,.12833911,.5,trt
MI_T,.6244598,.13337401,.5,trt
MI_LOGT,.61227322,.14289971,.5,trt
CC,.48562834,.14111198,.5,trt
MI_T,.49238777,.12492554,.5,trt
MI_LOGT,.48039612,.12651289,.5,trt
CC,.37591484,.14358862,.5,trt
MI_T,.48532724,.12011078,.5,trt
MI_LOGT,.46125048,.1300842,.5,trt
CC,.45996857,.14890635,.5,trt
MI_T,.35727644,.13748462,.5,trt
MI_LOGT,.33028492,.11220934,.5,trt
CC,.55714798,.16830587,.5,trt
MI_T,.44251391,.12994774,.5,trt
MI_LOGT,.49003625,.17629774,.5,trt
CC,.86701345,.17366038,.5,trt
MI_T,.83649755,.14573291,.5,trt
MI_LOGT,.75472248,.16905314,.5,trt
CC,.45323822,.14730293,.5,trt
MI_T,.45950982,.13847092,.5,trt
MI_LOGT,.44808808,.11971139,.5,trt
CC,.35511181,.13917813,.5,trt
MI_T,.43322307,.14241762,.5,trt
MI_LOGT,.3850306,.11642209,.5,trt
CC,.47926113,.12566076,.5,trt
MI_T,.50935251,.1138237,.5,trt
MI_LOGT,.51920146,.11071493,.5,trt
CC,.55416709,.18117449,.5,trt
MI_T,.51393956,.14662562,.5,trt
MI_LOGT,.57726103,.15675554,.5,trt
CC,.32344127,.12600324,.5,trt
MI_T,.36966637,.11993872,.5,trt
MI_LOGT,.3824065,.11535354,.5,trt
CC,.56322789,.13997701,.5,trt
MI_T,.51424348,.14294054,.5,trt
MI_LOGT,.52415907,.13248256,.5,trt
CC,.36243725,.15786117,.5,trt
MI_T,.39726159,.14900082,.5,trt
MI_LOGT,.3814562,.11644006,.5,trt
CC,.47688463,.18023676,.5,trt
MI_T,.45183358,.14372067,.5,trt
MI_LOGT,.46940744,.15618339,.5,trt
CC,.38300869,.12436141,.5,trt
MI_T,.42853102,.14771022,.5,trt
MI_LOGT,.38841522,.12844305,.5,trt
CC,.61961514,.14828017,.5,trt
MI_T,.6099326,.13414973,.5,trt
MI_LOGT,.66522706,.12782733,.5,trt
CC,.50002778,.1424603,.5,trt
MI_T,.4499819,.11920489,.5,trt
MI_LOGT,.40718946,.12384892,.5,trt
CC,.72552127,.15875052,.5,trt
MI_T,.6362806,.12379136,.5,trt
MI_LOGT,.72718316,.13121746,.5,trt
CC,.40979734,.16010115,.5,trt
MI_T,.41376936,.15875496,.5,trt
MI_LOGT,.45708078,.14513305,.5,trt
CC,.55823594,.14350852,.5,trt
MI_T,.56169468,.1168798,.5,trt
MI_LOGT,.55340701,.1160576,.5,trt
CC,.63422829,.11660668,.5,trt
MI_T,.63546222,.12007062,.5,trt
MI_LOGT,.5708676,.10596552,.5,trt
CC,.39954552,.14776663,.5,trt
MI_T,.34377408,.11852912,.5,trt
MI_LOGT,.41108274,.1285105,.5,trt
CC,.32973838,.13787909,.5,trt
MI_T,.40630826,.1185654,.5,trt
MI_LOGT,.39038906,.11272763,.5,trt
CC,.47777745,.13421234,.5,trt
MI_T,.40755743,.10953251,.5,trt
MI_LOGT,.43356413,.12127361,.5,trt
CC,.18904883,.14605148,.5,trt
MI_T,.25394809,.15048863,.5,trt
MI_LOGT,.25823078,.123321,.5,trt
CC,.68464112,.15751205,.5,trt
MI_T,.62660843,.14481197,.5,trt
MI_LOGT,.57559454,.15450011,.5,trt
CC,.47385329,.14558853,.5,trt
MI_T,.39162502,.12117488,.5,trt
MI_LOGT,.4316175,.11188833,.5,trt
CC,.68209273,.14942858,.5,trt
MI_T,.56603664,.14840658,.5,trt
MI_LOGT,.57918179,.13110325,.5,trt
CC,.49457547,.13620089,.5,trt
MI_T,.47229791,.1355994,.5,trt
MI_LOGT,.50001127,.11666709,.5,trt
CC,.36179727,.1612889,.5,trt
MI_T,.35205427,.12711741,.5,trt
MI_LOGT,.40973926,.12302521,.5,trt
CC,.70700294,.14435361,.5,trt
MI_T,.5049513,.14151266,.5,trt
MI_LOGT,.55848414,.15290453,.5,trt
CC,.32415685,.15757823,.5,trt
MI_T,.21042733,.12065113,.5,trt
MI_LOGT,.30385387,.16148789,.5,trt
CC,.58142883,.16249207,.5,trt
MI_T,.44787627,.15812302,.5,trt
MI_LOGT,.44019657,.12328664,.5,trt
CC,.64581275,.13941507,.5,trt
MI_T,.70039701,.11527856,.5,trt
MI_LOGT,.68661696,.11766518,.5,trt
CC,.30373797,.12958689,.5,trt
MI_T,.33349735,.11468655,.5,trt
MI_LOGT,.37652481,.13332312,.5,trt
CC,.49598005,.1233269,.5,trt
MI_T,.55708051,.11827447,.5,trt
MI_LOGT,.52269572,.12215485,.5,trt
CC,.40219691,.14914338,.5,trt
MI_T,.47578982,.13328139,.5,trt
MI_LOGT,.49947008,.13061449,.5,trt
CC,.68702632,.15616247,.5,trt
MI_T,.49744904,.13143305,.5,trt
MI_LOGT,.58151984,.13632327,.5,trt
CC,.96957201,.19125473,.5,trt
MI_T,.77614588,.15205862,.5,trt
MI_LOGT,.85287023,.16049656,.5,trt
CC,.35418326,.13809422,.5,trt
MI_T,.42785668,.11912882,.5,trt
MI_LOGT,.41459104,.12074453,.5,trt
CC,.79294187,.12584177,.5,trt
MI_T,.87302983,.11318966,.5,trt
MI_LOGT,.85416341,.10746104,.5,trt
CC,.46164721,.12904564,.5,trt
MI_T,.40282056,.11189646,.5,trt
MI_LOGT,.40440884,.14459962,.5,trt
CC,.38914692,.15106769,.5,trt
MI_T,.36418414,.11227218,.5,trt
MI_LOGT,.38069785,.11554009,.5,trt
CC,.62958902,.15590133,.5,trt
MI_T,.47371739,.1235326,.5,trt
MI_LOGT,.49539044,.12989365,.5,trt
CC,.35624588,.12732305,.5,trt
MI_T,.37269855,.12071043,.5,trt
MI_LOGT,.4492476,.15714733,.5,trt
CC,.65183747,.13644646,.5,trt
MI_T,.61637402,.12932211,.5,trt
MI_LOGT,.59618413,.12379982,.5,trt
CC,.28625238,.13040276,.5,trt
MI_T,.26714191,.10613864,.5,trt
MI_LOGT,.21634372,.10226456,.5,trt
CC,.65013552,.16244444,.5,trt
MI_T,.54784214,.15854242,.5,trt
MI_LOGT,.56038481,.17641281,.5,trt
CC,.47944555,.12128112,.5,trt
MI_T,.43034345,.097109996,.5,trt
MI_LOGT,.46270177,.095942423,.5,trt
CC,.41851419,.16319452,.5,trt
MI_T,.42572284,.14665486,.5,trt
MI_LOGT,.4556644,.15479976,.5,trt
CC,.23944823,.13025545,.5,trt
MI_T,.3108286,.14075075,.5,trt
MI_LOGT,.33500201,.11285517,.5,trt
CC,.60362351,.15467356,.5,trt
MI_T,.57086855,.12709752,.5,trt
MI_LOGT,.59992939,.14392692,.5,trt
CC,.46448094,.14149718,.5,trt
MI_T,.44071969,.11991822,.5,trt
MI_LOGT,.47701555,.16361189,.5,trt
CC,.71016443,.1572869,.5,trt
MI_T,.61836392,.13218899,.5,trt
MI_LOGT,.55094612,.13446167,.5,trt
CC,.49746791,.13505653,.5,trt
MI_T,.51342893,.12141564,.5,trt
MI_LOGT,.44762293,.13005824,.5,trt
CC,.49975404,.15670505,.5,trt
MI_T,.36322847,.10943167,.5,trt
MI_LOGT,.39233193,.14318082,.5,trt
CC,.38622633,.13214087,.5,trt
MI_T,.36082053,.11084936,.5,trt
MI_LOGT,.30210188,.10428399,.5,trt
CC,.44052753,.14123121,.5,trt
MI_T,.45164439,.13668303,.5,trt
MI_LOGT,.42865941,.13321632,.5,trt
CC,.71121246,.16494341,.5,trt
MI_T,.62582409,.14510684,.5,trt
MI_LOGT,.60441011,.175992,.5,trt
CC,.52266818,.1451589,.5,trt
MI_T,.43690735,.13469476,.5,trt
MI_LOGT,.40249091,.1301259,.5,trt
CC,.40376765,.14278118,.5,trt
MI_T,.52517444,.13664897,.5,trt
MI_LOGT,.51806641,.14185062,.5,trt
CC,.41880801,.15811278,.5,trt
MI_T,.33750182,.1461242,.5,trt
MI_LOGT,.43391159,.14751138,.5,trt
CC,.44957849,.14280738,.5,trt
MI_T,.54865909,.11839147,.5,trt
MI_LOGT,.56138605,.12841964,.5,trt
CC,.68562591,.15384927,.5,trt
MI_T,.53953147,.11641575,.5,trt
MI_LOGT,.52694964,.123812,.5,trt
CC,.24178472,.14535065,.5,trt
MI_T,.25726429,.14214988,.5,trt
MI_LOGT,.25878754,.12954107,.5,trt
CC,.67539072,.17050095,.5,trt
MI_T,.70968169,.14685063,.5,trt
MI_LOGT,.69596446,.15342835,.5,trt
CC,.26687497,.13730532,.5,trt
MI_T,.28933135,.16469267,.5,trt
MI_LOGT,.27503869,.11887228,.5,trt
CC,.54806632,.11311193,.5,trt
MI_T,.56405783,.093837798,.5,trt
MI_LOGT,.55392265,.10093204,.5,trt
CC,.54175383,.14146727,.5,trt
MI_T,.53914458,.12698802,.5,trt
MI_LOGT,.56566912,.12416459,.5,trt
CC,.33084586,.12654275,.5,trt
MI_T,.32810637,.12230521,.5,trt
MI_LOGT,.38790071,.12827273,.5,trt
CC,.68387777,.14203586,.5,trt
MI_T,.60748118,.12555607,.5,trt
MI_LOGT,.57985204,.12030855,.5,trt
CC,.37283769,.14135918,.5,trt
MI_T,.44571868,.12258913,.5,trt
MI_LOGT,.42874643,.15995868,.5,trt
CC,.56887943,.1564572,.5,trt
MI_T,.62768209,.13479054,.5,trt
MI_LOGT,.62926471,.12660474,.5,trt
CC,.94436932,.17072803,.5,trt
MI_T,.84532696,.14710052,.5,trt
MI_LOGT,.81985199,.18739679,.5,trt
CC,.34450498,.15056247,.5,trt
MI_T,.30939156,.12854025,.5,trt
MI_LOGT,.33132699,.11720052,.5,trt
CC,.49702483,.12512662,.5,trt
MI_T,.42415512,.11802158,.5,trt
MI_LOGT,.43923029,.12139451,.5,trt
CC,.46108508,.12814793,.5,trt
MI_T,.55844289,.11596557,.5,trt
MI_LOGT,.57465976,.1068795,.5,trt
CC,.30571175,.18492173,.5,trt
MI_T,.32903206,.16954713,.5,trt
MI_LOGT,.39564288,.17026906,.5,trt
CC,.47624037,.14702514,.5,trt
MI_T,.4885371,.16299595,.5,trt
MI_LOGT,.53222656,.13468355,.5,trt
CC,.52211648,.15124126,.5,trt
MI_T,.52135289,.1380973,.5,trt
MI_LOGT,.50424391,.13069193,.5,trt
CC,.59392619,.14853394,.5,trt
MI_T,.46753266,.12200308,.5,trt
MI_LOGT,.44546697,.12064113,.5,trt
CC,.58077919,.13601883,.5,trt
MI_T,.55003285,.12411787,.5,trt
MI_LOGT,.5460223,.1231353,.5,trt
CC,.55210584,.14530903,.5,trt
MI_T,.47547698,.12166312,.5,trt
MI_LOGT,.42901176,.13772154,.5,trt
CC,.4665882,.13009761,.5,trt
MI_T,.41852704,.1064708,.5,trt
MI_LOGT,.49150357,.11182763,.5,trt
CC,.47183922,.14765342,.5,trt
MI_T,.49018067,.14045835,.5,trt
MI_LOGT,.45430306,.11323746,.5,trt
CC,.31742188,.13785376,.5,trt
MI_T,.27471721,.12465131,.5,trt
MI_LOGT,.26938102,.13804565,.5,trt
CC,.89248055,.17390791,.5,trt
MI_T,.86028695,.22819327,.5,trt
MI_LOGT,.73481882,.19385919,.5,trt
CC,.92728835,.16354398,.5,trt
MI_T,.83726871,.16229492,.5,trt
MI_LOGT,.77747089,.17256701,.5,trt
CC,.4376834,.14554095,.5,trt
MI_T,.50354236,.14955024,.5,trt
MI_LOGT,.51407063,.15840131,.5,trt
CC,.58641541,.16581683,.5,trt
MI_T,.56830949,.13001636,.5,trt
MI_LOGT,.52102238,.12582627,.5,trt
CC,.56103748,.14767189,.5,trt
MI_T,.53622174,.14606343,.5,trt
MI_LOGT,.54536742,.11535706,.5,trt
CC,.70560688,.13735008,.5,trt
MI_T,.69476563,.12099632,.5,trt
MI_LOGT,.63399434,.12807362,.5,trt
CC,.56401944,.13069922,.5,trt
MI_T,.55930507,.11680201,.5,trt
MI_LOGT,.54770923,.12050514,.5,trt
CC,.44110766,.13092265,.5,trt
MI_T,.48947245,.11625238,.5,trt
MI_LOGT,.46721873,.11482931,.5,trt
CC,.57065386,.12618245,.5,trt
MI_T,.5306952,.1219314,.5,trt
MI_LOGT,.48007494,.12514532,.5,trt
CC,.46381843,.14996621,.5,trt
MI_T,.42669159,.13703464,.5,trt
MI_LOGT,.40854016,.14501254,.5,trt
CC,.61162353,.14651221,.5,trt
MI_T,.4928109,.12130008,.5,trt
MI_LOGT,.55969357,.1551241,.5,trt
CC,.43480095,.14550431,.5,trt
MI_T,.34637204,.16215217,.5,trt
MI_LOGT,.45296791,.13089482,.5,trt
CC,.36246336,.102391,.5,trt
MI_T,.39664784,.10490176,.5,trt
MI_LOGT,.38441712,.091246344,.5,trt
CC,.49407023,.13124222,.5,trt
MI_T,.46516073,.10848793,.5,trt
MI_LOGT,.48403701,.14207263,.5,trt
CC,.48234761,.16662934,.5,trt
MI_T,.47595355,.13585134,.5,trt
MI_LOGT,.45968562,.14720029,.5,trt
CC,.3685002,.13298558,.5,trt
MI_T,.37688223,.11752429,.5,trt
MI_LOGT,.32931474,.12669848,.5,trt
CC,.64994144,.13796613,.5,trt
MI_T,.61643618,.10883132,.5,trt
MI_LOGT,.62142408,.10427733,.5,trt
CC,.38038245,.14350408,.5,trt
MI_T,.44594374,.11870432,.5,trt
MI_LOGT,.37955374,.1214227,.5,trt
CC,.32074901,.14415377,.5,trt
MI_T,.36017451,.13001959,.5,trt
MI_LOGT,.3786236,.13386022,.5,trt
CC,.47308394,.13960285,.5,trt
MI_T,.4316282,.14024463,.5,trt
MI_LOGT,.44810808,.11046606,.5,trt
CC,.52734298,.13383809,.5,trt
MI_T,.48811686,.12790151,.5,trt
MI_LOGT,.51608747,.12034258,.5,trt
CC,.32693058,.13060218,.5,trt
MI_T,.26352704,.12134787,.5,trt
MI_LOGT,.31853589,.13917637,.5,trt
CC,.36363578,.14156963,.5,trt
MI_T,.39901254,.12610289,.5,trt
MI_LOGT,.41905999,.14553663,.5,trt
CC,.43477571,.13290951,.5,trt
MI_T,.40670541,.1186651,.5,trt
MI_LOGT,.40294945,.14072795,.5,trt
CC,.50816709,.1268913,.5,trt
MI_T,.48696232,.11346912,.5,trt
MI_LOGT,.44564572,.10489525,.5,trt
CC,.70847124,.18937021,.5,trt
MI_T,.72798526,.16065295,.5,trt
MI_LOGT,.7141844,.16126102,.5,trt
CC,.43916363,.1492037,.5,trt
MI_T,.37626338,.11362664,.5,trt
MI_LOGT,.4074091,.13121685,.5,trt
CC,.70370543,.17664842,.5,trt
MI_T,.54419243,.1470014,.5,trt
MI_LOGT,.6400817,.12723336,.5,trt
CC,.552028,.1350068,.5,trt
MI_T,.56880516,.11262267,.5,trt
MI_LOGT,.60228056,.12456415,.5,trt
CC,.46395493,.1437066,.5,trt
MI_T,.49381778,.13902959,.5,trt
MI_LOGT,.52884752,.14047527,.5,trt
CC,.62222391,.13884085,.5,trt
MI_T,.62801588,.12633592,.5,trt
MI_LOGT,.54298776,.13308467,.5,trt
CC,.27615809,.13636158,.5,trt
MI_T,.27448502,.13770159,.5,trt
MI_LOGT,.26384714,.11766037,.5,trt
CC,.45293885,.15227829,.5,trt
MI_T,.48203605,.13074173,.5,trt
MI_LOGT,.52839434,.15218849,.5,trt
CC,.28098962,.12501505,.5,trt
MI_T,.34347221,.11046994,.5,trt
MI_LOGT,.34467795,.10968288,.5,trt
CC,.56479508,.15366797,.5,trt
MI_T,.51315886,.1489028,.5,trt
MI_LOGT,.53085953,.16772234,.5,trt
CC,.6925683,.15068415,.5,trt
MI_T,.68678612,.16642599,.5,trt
MI_LOGT,.64010584,.11719699,.5,trt
CC,.19586879,.1466862,.5,trt
MI_T,.18898873,.14511931,.5,trt
MI_LOGT,.13084586,.119135,.5,trt
CC,.6810528,.13966718,.5,trt
MI_T,.61736226,.14144878,.5,trt
MI_LOGT,.53473198,.127097,.5,trt
CC,.51699173,.16171338,.5,trt
MI_T,.50722224,.12852143,.5,trt
MI_LOGT,.53080243,.13137385,.5,trt
CC,.50718737,.15093161,.5,trt
MI_T,.53368646,.13161032,.5,trt
MI_LOGT,.53567231,.14049348,.5,trt
CC,.67352915,.15413955,.5,trt
MI_T,.67137909,.12321376,.5,trt
MI_LOGT,.66785502,.12336091,.5,trt
CC,.48590407,.15280706,.5,trt
MI_T,.45410433,.19006655,.5,trt
MI_LOGT,.47295991,.1438169,.5,trt
CC,.54462582,.14381987,.5,trt
MI_T,.50549173,.11344207,.5,trt
MI_LOGT,.50070214,.11343475,.5,trt
CC,.56603062,.14008808,.5,trt
MI_T,.56058294,.16149822,.5,trt
MI_LOGT,.59582984,.11899488,.5,trt
CC,.46406046,.144885,.5,trt
MI_T,.54590929,.13347736,.5,trt
MI_LOGT,.58415556,.13095474,.5,trt
CC,.53456765,.13500729,.5,trt
MI_T,.54817468,.13163014,.5,trt
MI_LOGT,.51766652,.12227674,.5,trt
CC,.90402246,.18553008,.5,trt
MI_T,.69733804,.13599715,.5,trt
MI_LOGT,.80596977,.15887856,.5,trt
CC,.6514647,.14194827,.5,trt
MI_T,.56995898,.12420268,.5,trt
MI_LOGT,.60433424,.13641568,.5,trt
CC,.73833907,.13884668,.5,trt
MI_T,.77042401,.12869169,.5,trt
MI_LOGT,.73525834,.1411182,.5,trt
CC,.35401252,.16712104,.5,trt
MI_T,.35395101,.14573559,.5,trt
MI_LOGT,.32199216,.15080738,.5,trt
CC,.81621116,.20287436,.5,trt
MI_T,.70285624,.14849967,.5,trt
MI_LOGT,.61117566,.17652866,.5,trt
CC,.60724401,.14590964,.5,trt
MI_T,.63634902,.12169944,.5,trt
MI_LOGT,.74776405,.13364933,.5,trt
CC,.57194227,.16532367,.5,trt
MI_T,.46364829,.2147755,.5,trt
MI_LOGT,.53480822,.15694535,.5,trt
CC,.75414783,.13542257,.5,trt
MI_T,.71287578,.14280683,.5,trt
MI_LOGT,.73478717,.1453211,.5,trt
CC,.60255355,.17780887,.5,trt
MI_T,.59913188,.15722208,.5,trt
MI_LOGT,.52063066,.15261124,.5,trt
CC,.67968631,.1481887,.5,trt
MI_T,.52914399,.14266846,.5,trt
MI_LOGT,.4933401,.16528055,.5,trt
CC,.37483341,.1383636,.5,trt
MI_T,.44204307,.12037379,.5,trt
MI_LOGT,.43021527,.14464818,.5,trt
CC,.56568593,.13679312,.5,trt
MI_T,.56776673,.1261795,.5,trt
MI_LOGT,.54232877,.11623268,.5,trt
CC,.39709163,.10968992,.5,trt
MI_T,.43056172,.10095035,.5,trt
MI_LOGT,.41780874,.098239832,.5,trt
CC,.45251188,.16587743,.5,trt
MI_T,.53090012,.16543944,.5,trt
MI_LOGT,.4897317,.1594156,.5,trt
CC,.60402942,.1393171,.5,trt
MI_T,.50048709,.13268927,.5,trt
MI_LOGT,.48664051,.12681417,.5,trt
CC,.61205405,.15780064,.5,trt
MI_T,.51808649,.12076205,.5,trt
MI_LOGT,.58181816,.13672039,.5,trt
CC,.51969469,.14753722,.5,trt
MI_T,.70051676,.14428799,.5,trt
MI_LOGT,.64223945,.13961446,.5,trt
CC,.57566077,.14109312,.5,trt
MI_T,.70187908,.13684335,.5,trt
MI_LOGT,.69843543,.12271587,.5,trt
CC,.57333386,.13337833,.5,trt
MI_T,.50429171,.13358594,.5,trt
MI_LOGT,.56065553,.12847978,.5,trt
CC,.38785791,.13416259,.5,trt
MI_T,.43437684,.11772233,.5,trt
MI_LOGT,.40420622,.12146024,.5,trt
CC,.60828334,.14756472,.5,trt
MI_T,.56348157,.12782504,.5,trt
MI_LOGT,.56706065,.13950066,.5,trt
CC,.51383358,.13238479,.5,trt
MI_T,.49515104,.13224575,.5,trt
MI_LOGT,.49434388,.12384989,.5,trt
CC,.65990531,.14424433,.5,trt
MI_T,.73671067,.13053393,.5,trt
MI_LOGT,.74975729,.1603792,.5,trt
CC,.5580706,.13294363,.5,trt
MI_T,.54776901,.15332665,.5,trt
MI_LOGT,.50491518,.11471639,.5,trt
CC,.46587077,.1401908,.5,trt
MI_T,.44665647,.12210137,.5,trt
MI_LOGT,.45942101,.11560983,.5,trt
CC,.37179238,.1352195,.5,trt
MI_T,.39257911,.14788553,.5,trt
MI_LOGT,.42140153,.11876805,.5,trt
CC,.67150724,.12999095,.5,trt
MI_T,.69605666,.12482511,.5,trt
MI_LOGT,.70507181,.11919163,.5,trt
CC,.48021466,.14579421,.5,trt
MI_T,.50715095,.13504043,.5,trt
MI_LOGT,.50783622,.13721919,.5,trt
CC,.12837915,.11580566,.5,trt
MI_T,.17292307,.11306152,.5,trt
MI_LOGT,.1771898,.12033892,.5,trt
CC,.62202138,.15438353,.5,trt
MI_T,.48975015,.13023753,.5,trt
MI_LOGT,.52555496,.11624058,.5,trt
CC,.58132613,.16197966,.5,trt
MI_T,.35791734,.1504548,.5,trt
MI_LOGT,.4022277,.1523049,.5,trt
CC,.57521123,.16733241,.5,trt
MI_T,.58918649,.14822331,.5,trt
MI_LOGT,.55273229,.13146096,.5,trt
CC,.51285183,.1314742,.5,trt
MI_T,.50299186,.1203863,.5,trt
MI_LOGT,.48461109,.1175001,.5,trt
CC,.48071176,.12505308,.5,trt
MI_T,.4235532,.12649977,.5,trt
MI_LOGT,.41860241,.12637334,.5,trt
CC,.55447006,.12168044,.5,trt
MI_T,.58331013,.12199584,.5,trt
MI_LOGT,.50256646,.11663131,.5,trt
CC,.4825151,.13371672,.5,trt
MI_T,.44232458,.13446596,.5,trt
MI_LOGT,.44136894,.12711275,.5,trt
CC,.43639809,.14102469,.5,trt
MI_T,.45818773,.12929641,.5,trt
MI_LOGT,.44160879,.1477035,.5,trt
CC,.45622569,.16056721,.5,trt
MI_T,.33402517,.16579472,.5,trt
MI_LOGT,.39256436,.14468008,.5,trt
CC,.398577,.18687497,.5,trt
MI_T,.24737065,.15472637,.5,trt
MI_LOGT,.29742253,.14381169,.5,trt
CC,.41989288,.11175592,.5,trt
MI_T,.36732411,.099398188,.5,trt
MI_LOGT,.40745109,.098415896,.5,trt
CC,.73670453,.1607179,.5,trt
MI_T,.73287225,.14314359,.5,trt
MI_LOGT,.73558742,.17265879,.5,trt
CC,.83649665,.18447162,.5,trt
MI_T,.74717492,.14305809,.5,trt
MI_LOGT,.71735573,.14534992,.5,trt
CC,.24857338,.14696583,.5,trt
MI_T,.30373996,.13179015,.5,trt
MI_LOGT,.31407714,.12546124,.5,trt
CC,.81599599,.16625507,.5,trt
MI_T,.55757797,.19329503,.5,trt
MI_LOGT,.56353539,.18966191,.5,trt
CC,.58724576,.16508752,.5,trt
MI_T,.55323857,.1384922,.5,trt
MI_LOGT,.47706521,.14117192,.5,trt
CC,.61882514,.16344121,.5,trt
MI_T,.54979908,.1531117,.5,trt
MI_LOGT,.55632585,.15239714,.5,trt
CC,.49248782,.1461855,.5,trt
MI_T,.50303632,.12611365,.5,trt
MI_LOGT,.46396816,.13960895,.5,trt
CC,.45348874,.13270491,.5,trt
MI_T,.43952647,.14004797,.5,trt
MI_LOGT,.47189173,.13016671,.5,trt
CC,.5670166,.1426578,.5,trt
MI_T,.52849084,.11411144,.5,trt
MI_LOGT,.51326317,.1117798,.5,trt
CC,.37870067,.13724253,.5,trt
MI_T,.43237743,.12211589,.5,trt
MI_LOGT,.48065764,.14641516,.5,trt
CC,.47175294,.15917037,.5,trt
MI_T,.45577785,.13864617,.5,trt
MI_LOGT,.40374601,.16734366,.5,trt
CC,.27755889,.21944195,.5,trt
MI_T,.13856076,.15134311,.5,trt
MI_LOGT,.1450495,.14990306,.5,trt
CC,.6464538,.16869827,.5,trt
MI_T,.49830633,.13613647,.5,trt
MI_LOGT,.54992664,.14419544,.5,trt
CC,.48521742,.14469214,.5,trt
MI_T,.48190364,.13117427,.5,trt
MI_LOGT,.50462806,.11707309,.5,trt
CC,.49206355,.16858703,.5,trt
MI_T,.44244519,.12955669,.5,trt
MI_LOGT,.47745124,.13058315,.5,trt
CC,.53288954,.15509321,.5,trt
MI_T,.52785099,.12288275,.5,trt
MI_LOGT,.49953496,.12178724,.5,trt
CC,.63165259,.13404737,.5,trt
MI_T,.57212466,.12725021,.5,trt
MI_LOGT,.54064804,.11492883,.5,trt
CC,.61497641,.15652488,.5,trt
MI_T,.62859142,.13673091,.5,trt
MI_LOGT,.6197235,.15096757,.5,trt
CC,.68100464,.16675761,.5,trt
MI_T,.65988678,.15529896,.5,trt
MI_LOGT,.68106306,.15371467,.5,trt
CC,.43524018,.11728939,.5,trt
MI_T,.41079476,.11721583,.5,trt
MI_LOGT,.42563275,.10701397,.5,trt
CC,.46305436,.12242021,.5,trt
MI_T,.46707702,.11925732,.5,trt
MI_LOGT,.49089292,.11312093,.5,trt
CC,.74732184,.15553817,.5,trt
MI_T,.70055467,.13356754,.5,trt
MI_LOGT,.69998151,.14465839,.5,trt
CC,.59320199,.17181942,.5,trt
MI_T,.35124445,.17235637,.5,trt
MI_LOGT,.41345456,.16316368,.5,trt
CC,.36535752,.15475994,.5,trt
MI_T,.35173228,.1421313,.5,trt
MI_LOGT,.38721073,.14615281,.5,trt
CC,.54188627,.13968515,.5,trt
MI_T,.53352487,.1166279,.5,trt
MI_LOGT,.51884264,.1541281,.5,trt
CC,.57915652,.16339248,.5,trt
MI_T,.50055414,.15675056,.5,trt
MI_LOGT,.41732451,.1411833,.5,trt
CC,.57351404,.13355288,.5,trt
MI_T,.53515428,.12918955,.5,trt
MI_LOGT,.57178175,.11375861,.5,trt
CC,.68663049,.1355844,.5,trt
MI_T,.64052588,.1356055,.5,trt
MI_LOGT,.6629225,.11440162,.5,trt
CC,.38968167,.15831359,.5,trt
MI_T,.46078929,.13776901,.5,trt
MI_LOGT,.52044845,.13826285,.5,trt
CC,.55597746,.15482581,.5,trt
MI_T,.451498,.16163146,.5,trt
MI_LOGT,.4593733,.16722283,.5,trt
CC,.40644169,.12344851,.5,trt
MI_T,.50047594,.10807204,.5,trt
MI_LOGT,.47352046,.11569441,.5,trt
CC,.54151398,.13031384,.5,trt
MI_T,.56594574,.12196577,.5,trt
MI_LOGT,.54860878,.1106573,.5,trt
CC,.13580294,.12690854,.5,trt
MI_T,.1948017,.12497833,.5,trt
MI_LOGT,.20402725,.1272244,.5,trt
CC,.61443609,.12168744,.5,trt
MI_T,.62150615,.11475022,.5,trt
MI_LOGT,.60063362,.10426925,.5,trt
CC,.37579691,.12881769,.5,trt
MI_T,.3663297,.12478853,.5,trt
MI_LOGT,.37518418,.12941538,.5,trt
CC,.40471965,.1111866,.5,trt
MI_T,.37624899,.096584931,.5,trt
MI_LOGT,.3556802,.11703642,.5,trt
CC,.67861557,.1614272,.5,trt
MI_T,.53990388,.13787419,.5,trt
MI_LOGT,.5590843,.17204557,.5,trt
CC,.45775414,.10441823,.5,trt
MI_T,.43476591,.090709671,.5,trt
MI_LOGT,.44019473,.10461622,.5,trt
CC,.60622185,.13284747,.5,trt
MI_T,.63645113,.14203946,.5,trt
MI_LOGT,.60418552,.12901089,.5,trt
CC,.33679572,.13819827,.5,trt
MI_T,.37090847,.13839774,.5,trt
MI_LOGT,.39595124,.14145148,.5,trt
CC,.35105085,.11610866,.5,trt
MI_T,.33233896,.10617062,.5,trt
MI_LOGT,.33236185,.11036891,.5,trt
CC,.72087151,.14539249,.5,trt
MI_T,.73358059,.13150533,.5,trt
MI_LOGT,.77068156,.13945822,.5,trt
CC,.33324885,.1447919,.5,trt
MI_T,.39931905,.12661526,.5,trt
MI_LOGT,.46895579,.13239285,.5,trt
CC,.45773688,.1378891,.5,trt
MI_T,.41187844,.13817868,.5,trt
MI_LOGT,.45852685,.12606043,.5,trt
CC,.42912894,.12606968,.5,trt
MI_T,.47764495,.11286759,.5,trt
MI_LOGT,.37451068,.11617754,.5,trt
CC,.64424318,.14255615,.5,trt
MI_T,.42916843,.15437117,.5,trt
MI_LOGT,.40187892,.14758168,.5,trt
CC,.48594153,.1318936,.5,trt
MI_T,.48085552,.12261175,.5,trt
MI_LOGT,.51650465,.11349674,.5,trt
CC,.5936901,.16628471,.5,trt
MI_T,.55402511,.14422598,.5,trt
MI_LOGT,.50526941,.13279979,.5,trt
CC,.29396155,.13047858,.5,trt
MI_T,.38123855,.12827538,.5,trt
MI_LOGT,.34017679,.13496946,.5,trt
CC,.18881035,.15469278,.5,trt
MI_T,.34959492,.16119285,.5,trt
MI_LOGT,.35165641,.13157767,.5,trt
CC,.36069861,.15418762,.5,trt
MI_T,.49300724,.14243937,.5,trt
MI_LOGT,.47624815,.14613032,.5,trt
CC,.63667494,.13175854,.5,trt
MI_T,.5561378,.11610183,.5,trt
MI_LOGT,.53273976,.19873022,.5,trt
CC,.57623786,.16371463,.5,trt
MI_T,.58285421,.1285585,.5,trt
MI_LOGT,.56607699,.15539627,.5,trt
CC,.50125682,.1364533,.5,trt
MI_T,.43559572,.14781398,.5,trt
MI_LOGT,.40437865,.1555412,.5,trt
CC,.19908477,.13125555,.5,trt
MI_T,.29129288,.13140661,.5,trt
MI_LOGT,.29824325,.13616671,.5,trt
CC,.50224632,.1364184,.5,trt
MI_T,.52468514,.11201288,.5,trt
MI_LOGT,.53970104,.12799492,.5,trt
CC,.48611304,.13069627,.5,trt
MI_T,.43438774,.134789,.5,trt
MI_LOGT,.41991255,.12223227,.5,trt
CC,.50204474,.12237867,.5,trt
MI_T,.53120935,.11635836,.5,trt
MI_LOGT,.57482541,.10828378,.5,trt
CC,.43636578,.13295744,.5,trt
MI_T,.55429846,.10288627,.5,trt
MI_LOGT,.59919578,.12498113,.5,trt
CC,.50057232,.1463085,.5,trt
MI_T,.49721476,.12838186,.5,trt
MI_LOGT,.5036639,.15941963,.5,trt
CC,.65318841,.15267946,.5,trt
MI_T,.76233733,.13743982,.5,trt
MI_LOGT,.72905457,.1446078,.5,trt
CC,.76920378,.15666986,.5,trt
MI_T,.63756216,.14101583,.5,trt
MI_LOGT,.63235158,.12865618,.5,trt
CC,.41824007,.13560823,.5,trt
MI_T,.41911086,.11552644,.5,trt
MI_LOGT,.473241,.11369462,.5,trt
CC,.3347545,.13633658,.5,trt
MI_T,.33241612,.11245913,.5,trt
MI_LOGT,.36127794,.12437266,.5,trt
CC,.59732199,.13451229,.5,trt
MI_T,.58536106,.12543099,.5,trt
MI_LOGT,.63503551,.13638343,.5,trt
CC,.37871411,.13794914,.5,trt
MI_T,.44488612,.1321999,.5,trt
MI_LOGT,.38520145,.11454225,.5,trt
CC,.16812661,.15787773,.5,trt
MI_T,.27909747,.14451522,.5,trt
MI_LOGT,.32303217,.14815192,.5,trt
CC,.45484534,.13091727,.5,trt
MI_T,.38888192,.12926699,.5,trt
MI_LOGT,.42712423,.11196779,.5,trt
CC,.61325401,.17020981,.5,trt
MI_T,.51814795,.14932789,.5,trt
MI_LOGT,.5945881,.12430474,.5,trt
CC,.55303246,.13641492,.5,trt
MI_T,.45352796,.12570398,.5,trt
MI_LOGT,.39989892,.13986059,.5,trt
CC,.45235741,.12231396,.5,trt
MI_T,.50773287,.12935263,.5,trt
MI_LOGT,.48562208,.12134434,.5,trt
CC,.73370177,.16944331,.5,trt
MI_T,.67263037,.1507335,.5,trt
MI_LOGT,.65995264,.17702226,.5,trt
CC,.56305343,.16437958,.5,trt
MI_T,.37357941,.14453259,.5,trt
MI_LOGT,.38168228,.14997736,.5,trt
CC,.34119055,.12761949,.5,trt
MI_T,.3648724,.11585751,.5,trt
MI_LOGT,.39747766,.12007269,.5,trt
CC,.56460267,.14859904,.5,trt
MI_T,.46810594,.13700917,.5,trt
MI_LOGT,.54579198,.15443566,.5,trt
CC,.3780753,.15569948,.5,trt
MI_T,.44068313,.14193334,.5,trt
MI_LOGT,.41864011,.13649014,.5,trt
CC,.5705356,.13635397,.5,trt
MI_T,.49470323,.12340844,.5,trt
MI_LOGT,.57580227,.11921807,.5,trt
CC,.49316639,.17746927,.5,trt
MI_T,.5419336,.15285058,.5,trt
MI_LOGT,.57531369,.16014266,.5,trt
CC,.48639348,.14722803,.5,trt
MI_T,.47036546,.1347836,.5,trt
MI_LOGT,.47128358,.12452123,.5,trt
CC,.94365168,.19008796,.5,trt
MI_T,.71812928,.12320127,.5,trt
MI_LOGT,.74920321,.14560114,.5,trt
CC,.43332854,.17295076,.5,trt
MI_T,.3022424,.12856822,.5,trt
MI_LOGT,.30114856,.16080633,.5,trt
CC,.25596976,.13206543,.5,trt
MI_T,.27051273,.12440771,.5,trt
MI_LOGT,.31905314,.11954243,.5,trt
CC,.59285241,.16305903,.5,trt
MI_T,.65028793,.13305701,.5,trt
MI_LOGT,.63182092,.15470831,.5,trt
CC,.63797128,.16530998,.5,trt
MI_T,.62570864,.14631946,.5,trt
MI_LOGT,.62355196,.17521517,.5,trt
CC,.5614689,.12867944,.5,trt
MI_T,.50915313,.15340023,.5,trt
MI_LOGT,.46015731,.13123861,.5,trt
CC,.57026863,.13167626,.5,trt
MI_T,.59798789,.12332097,.5,trt
MI_LOGT,.61174375,.11786301,.5,trt
CC,.44921061,.15739928,.5,trt
MI_T,.47926569,.13036634,.5,trt
MI_LOGT,.5414561,.18210506,.5,trt
CC,.50282097,.15543975,.5,trt
MI_T,.45870423,.13867795,.5,trt
MI_LOGT,.56720275,.13545902,.5,trt
CC,.62142467,.12712395,.5,trt
MI_T,.64105022,.14284204,.5,trt
MI_LOGT,.67731613,.1239296,.5,trt
CC,.42252478,.14872585,.5,trt
MI_T,.55414838,.12947118,.5,trt
MI_LOGT,.54189116,.13317719,.5,trt
CC,.29763952,.13776906,.5,trt
MI_T,.41478452,.12209926,.5,trt
MI_LOGT,.40805638,.11686149,.5,trt
CC,.58618236,.13145608,.5,trt
MI_T,.56626946,.11727107,.5,trt
MI_LOGT,.56387061,.11084881,.5,trt
CC,.45485735,.15662515,.5,trt
MI_T,.41513324,.11620241,.5,trt
MI_LOGT,.44919571,.11292782,.5,trt
CC,.63945669,.13345641,.5,trt
MI_T,.66975915,.11542391,.5,trt
MI_LOGT,.62593621,.11484674,.5,trt
CC,.34948719,.15564588,.5,trt
MI_T,.29320341,.13442799,.5,trt
MI_LOGT,.25738031,.13272226,.5,trt
CC,.43462101,.17044535,.5,trt
MI_T,.46236879,.16385207,.5,trt
MI_LOGT,.46485597,.16890319,.5,trt
CC,.38467395,.13726023,.5,trt
MI_T,.45266846,.13001393,.5,trt
MI_LOGT,.45432708,.14588499,.5,trt
CC,.56078511,.16280821,.5,trt
MI_T,.47784871,.13987626,.5,trt
MI_LOGT,.47848576,.12451192,.5,trt
CC,.26888332,.13657957,.5,trt
MI_T,.29681242,.11741965,.5,trt
MI_LOGT,.34181336,.13317639,.5,trt
CC,.33661717,.15652508,.5,trt
MI_T,.41545433,.19040212,.5,trt
MI_LOGT,.40624002,.14111722,.5,trt
CC,1.0045294,.17809278,.5,trt
MI_T,.84118539,.1835347,.5,trt
MI_LOGT,.87432432,.14946535,.5,trt
CC,.5067997,.14956819,.5,trt
MI_T,.53293389,.14241283,.5,trt
MI_LOGT,.53647602,.13908058,.5,trt
CC,.68636411,.14675385,.5,trt
MI_T,.66235298,.13856138,.5,trt
MI_LOGT,.65288901,.12145638,.5,trt
CC,.56576312,.15409023,.5,trt
MI_T,.52395189,.12286343,.5,trt
MI_LOGT,.54100043,.13706791,.5,trt
CC,.47559085,.14674893,.5,trt
MI_T,.47571632,.10842682,.5,trt
MI_LOGT,.46117774,.1203915,.5,trt
CC,.82311195,.17521784,.5,trt
MI_T,.63506371,.14513849,.5,trt
MI_LOGT,.74524933,.14386801,.5,trt
CC,.55530995,.14618438,.5,trt
MI_T,.44944745,.1391668,.5,trt
MI_LOGT,.43070093,.13404597,.5,trt
CC,.61524516,.14519188,.5,trt
MI_T,.65822613,.14427844,.5,trt
MI_LOGT,.65883589,.13217984,.5,trt
CC,.49250734,.1386468,.5,trt
MI_T,.50108844,.11723626,.5,trt
MI_LOGT,.54008782,.13006252,.5,trt
CC,.46798748,.11837269,.5,trt
MI_T,.45581883,.12870742,.5,trt
MI_LOGT,.48612839,.10986,.5,trt
CC,.55713278,.15594475,.5,trt
MI_T,.61194992,.12381769,.5,trt
MI_LOGT,.54652393,.12197887,.5,trt
CC,.77443814,.14722483,.5,trt
MI_T,.713301,.13166392,.5,trt
MI_LOGT,.72100824,.14857599,.5,trt
CC,.52507496,.11493362,.5,trt
MI_T,.57456744,.10754773,.5,trt
MI_LOGT,.5795148,.11279017,.5,trt
CC,.83227342,.15968603,.5,trt
MI_T,.78369695,.13624579,.5,trt
MI_LOGT,.8170532,.16277367,.5,trt
CC,.44545555,.16447324,.5,trt
MI_T,.50137621,.19871491,.5,trt
MI_LOGT,.52813512,.16513762,.5,trt
CC,.69782972,.14664491,.5,trt
MI_T,.68479657,.12576644,.5,trt
MI_LOGT,.665672,.1286089,.5,trt
CC,.58510703,.16750729,.5,trt
MI_T,.50993395,.14668451,.5,trt
MI_LOGT,.61922473,.18266375,.5,trt
CC,.52780539,.15832752,.5,trt
MI_T,.4830147,.15547943,.5,trt
MI_LOGT,.48562542,.13115674,.5,trt
CC,.54346687,.14166544,.5,trt
MI_T,.61429882,.12821124,.5,trt
MI_LOGT,.58212072,.16123143,.5,trt
CC,.4716593,.13148925,.5,trt
MI_T,.41249856,.11434806,.5,trt
MI_LOGT,.36710972,.127083,.5,trt
CC,.54350889,.13513985,.5,trt
MI_T,.45829308,.12277168,.5,trt
MI_LOGT,.51197302,.10999013,.5,trt
CC,.51581335,.15291037,.5,trt
MI_T,.45149627,.13002208,.5,trt
MI_LOGT,.45247546,.12706682,.5,trt
CC,.77954227,.16854191,.5,trt
MI_T,.81466913,.1481465,.5,trt
MI_LOGT,.83696723,.14452821,.5,trt
CC,.9282791,.17199448,.5,trt
MI_T,.75063664,.16328558,.5,trt
MI_LOGT,.82404095,.15933862,.5,trt
CC,.40072519,.1269598,.5,trt
MI_T,.43510696,.11845383,.5,trt
MI_LOGT,.39744517,.1074863,.5,trt
CC,.72768021,.16921353,.5,trt
MI_T,.68304998,.15451373,.5,trt
MI_LOGT,.65248644,.13499722,.5,trt
CC,.57664335,.1452795,.5,trt
MI_T,.58212274,.15551078,.5,trt
MI_LOGT,.5643658,.14019574,.5,trt
CC,.6876303,.15109389,.5,trt
MI_T,.61007386,.1341226,.5,trt
MI_LOGT,.60731626,.1377383,.5,trt
CC,.27758497,.13600478,.5,trt
MI_T,.32488644,.11321924,.5,trt
MI_LOGT,.29818118,.12169701,.5,trt
CC,.63300699,.16278268,.5,trt
MI_T,.61292595,.13786028,.5,trt
MI_LOGT,.55789751,.15735129,.5,trt
CC,.47994012,.13255286,.5,trt
MI_T,.41276202,.12418926,.5,trt
MI_LOGT,.40524137,.12071069,.5,trt
CC,.68455565,.15697813,.5,trt
MI_T,.5858261,.142226,.5,trt
MI_LOGT,.63263893,.14912803,.5,trt
CC,.61532664,.1472718,.5,trt
MI_T,.58979386,.11628344,.5,trt
MI_LOGT,.61798316,.14969897,.5,trt
CC,.43941352,.14123741,.5,trt
MI_T,.47109112,.11774089,.5,trt
MI_LOGT,.45830691,.12309018,.5,trt
CC,.66074353,.14873576,.5,trt
MI_T,.71128225,.13860372,.5,trt
MI_LOGT,.70381725,.14494331,.5,trt
CC,.33593968,.14097969,.5,trt
MI_T,.36276525,.12453764,.5,trt
MI_LOGT,.39418215,.13120069,.5,trt
CC,.64582336,.14884496,.5,trt
MI_T,.53550225,.15992367,.5,trt
MI_LOGT,.4696106,.15587987,.5,trt
CC,.56359535,.14600576,.5,trt
MI_T,.6164,.14496402,.5,trt
MI_LOGT,.60310066,.11715622,.5,trt
CC,.56789958,.15511914,.5,trt
MI_T,.45911604,.13115166,.5,trt
MI_LOGT,.47488487,.1643021,.5,trt
CC,.58684218,.13933212,.5,trt
MI_T,.5759787,.14263271,.5,trt
MI_LOGT,.54850239,.13935569,.5,trt
CC,.69121546,.15305142,.5,trt
MI_T,.55906081,.13567057,.5,trt
MI_LOGT,.54143482,.15910305,.5,trt
CC,.77552181,.1547541,.5,trt
MI_T,.6899153,.12837051,.5,trt
MI_LOGT,.73748755,.15545881,.5,trt
CC,.48781765,.13662139,.5,trt
MI_T,.509893,.13628621,.5,trt
MI_LOGT,.50994319,.12949474,.5,trt
CC,.57282805,.17223932,.5,trt
MI_T,.42616212,.14338005,.5,trt
MI_LOGT,.53905857,.18381849,.5,trt
CC,.78498262,.15270717,.5,trt
MI_T,.7232911,.12504736,.5,trt
MI_LOGT,.73988807,.13379075,.5,trt
CC,.64519328,.14156817,.5,trt
MI_T,.56736767,.1517228,.5,trt
MI_LOGT,.50468338,.12737505,.5,trt
CC,.48059589,.14803772,.5,trt
MI_T,.47090375,.13416418,.5,trt
MI_LOGT,.44661996,.11761045,.5,trt
CC,.48596027,.15320948,.5,trt
MI_T,.48701629,.13524911,.5,trt
MI_LOGT,.47033161,.16213094,.5,trt
CC,.5887211,.14658102,.5,trt
MI_T,.58369535,.13485767,.5,trt
MI_LOGT,.59331262,.13788541,.5,trt
CC,.39778304,.12849462,.5,trt
MI_T,.4703624,.11002973,.5,trt
MI_LOGT,.42701137,.14022441,.5,trt
CC,.46777904,.14044213,.5,trt
MI_T,.44533524,.11826727,.5,trt
MI_LOGT,.44466817,.12096851,.5,trt
CC,.56733161,.15336806,.5,trt
MI_T,.63682473,.12894711,.5,trt
MI_LOGT,.63860571,.12833041,.5,trt
CC,.45988643,.13359389,.5,trt
MI_T,.47305793,.11803807,.5,trt
MI_LOGT,.39380533,.12093118,.5,trt
CC,.54206383,.14008856,.5,trt
MI_T,.62643921,.11611096,.5,trt
MI_LOGT,.61319572,.13591245,.5,trt
CC,.43553922,.13618468,.5,trt
MI_T,.41811642,.13523968,.5,trt
MI_LOGT,.42667618,.12980174,.5,trt
CC,.38271046,.134294,.5,trt
MI_T,.33018062,.1317637,.5,trt
MI_LOGT,.32380322,.13345844,.5,trt
CC,.69357669,.1528447,.5,trt
MI_T,.59942353,.1377292,.5,trt
MI_LOGT,.67304647,.13639811,.5,trt
CC,.37784776,.13233657,.5,trt
MI_T,.42666441,.11895719,.5,trt
MI_LOGT,.44513425,.1150912,.5,trt
CC,.45088381,.12338082,.5,trt
MI_T,.45999843,.11092378,.5,trt
MI_LOGT,.43738791,.11561251,.5,trt
CC,.34930781,.15617712,.5,trt
MI_T,.3368977,.16327769,.5,trt
MI_LOGT,.34122273,.12561831,.5,trt
CC,.61370152,.14979939,.5,trt
MI_T,.59878331,.15701739,.5,trt
MI_LOGT,.60737628,.14288387,.5,trt
CC,.32522228,.1195506,.5,trt
MI_T,.37087604,.11170488,.5,trt
MI_LOGT,.37513551,.10941203,.5,trt
CC,.3051331,.15266007,.5,trt
MI_T,.36121923,.13421769,.5,trt
MI_LOGT,.37879431,.15058716,.5,trt
CC,.63907272,.15998779,.5,trt
MI_T,.47418824,.14637317,.5,trt
MI_LOGT,.55023181,.13138391,.5,trt
CC,.49045941,.15496299,.5,trt
MI_T,.46253783,.13288274,.5,trt
MI_LOGT,.47480428,.13099155,.5,trt
CC,.60484868,.12037321,.5,trt
MI_T,.54914474,.10163287,.5,trt
MI_LOGT,.5441516,.099112049,.5,trt
CC,.26096249,.15904692,.5,trt
MI_T,.38726833,.16161698,.5,trt
MI_LOGT,.35096171,.13286541,.5,trt
CC,.48333079,.13477342,.5,trt
MI_T,.43279251,.12241889,.5,trt
MI_LOGT,.42921254,.14043151,.5,trt
CC,.6363731,.1735895,.5,trt
MI_T,.56564021,.17066021,.5,trt
MI_LOGT,.60786396,.14962323,.5,trt
CC,.57510591,.14766741,.5,trt
MI_T,.52071905,.14621148,.5,trt
MI_LOGT,.54848111,.16048239,.5,trt
CC,.48016757,.15083735,.5,trt
MI_T,.3698926,.1243336,.5,trt
MI_LOGT,.35713917,.12277475,.5,trt
CC,.51510262,.18539029,.5,trt
MI_T,.58543104,.17373443,.5,trt
MI_LOGT,.63655835,.17117342,.5,trt
CC,.60058624,.21030606,.5,trt
MI_T,.66225398,.20007136,.5,trt
MI_LOGT,.65323651,.22259434,.5,trt
CC,.52151793,.13283513,.5,trt
MI_T,.58064234,.12453271,.5,trt
MI_LOGT,.57590181,.11381806,.5,trt
CC,.45593202,.13505983,.5,trt
MI_T,.39186808,.12983659,.5,trt
MI_LOGT,.43446258,.14253579,.5,trt
CC,.57635295,.13082248,.5,trt
MI_T,.57389027,.13114846,.5,trt
MI_LOGT,.51984799,.13738775,.5,trt
CC,.53842264,.13741377,.5,trt
MI_T,.54256535,.11027485,.5,trt
MI_LOGT,.54680336,.11221039,.5,trt
CC,.38814992,.14783083,.5,trt
MI_T,.48494062,.15314302,.5,trt
MI_LOGT,.44306299,.15173113,.5,trt
CC,.44071403,.15314145,.5,trt
MI_T,.42777625,.12702549,.5,trt
MI_LOGT,.40446201,.18159054,.5,trt
CC,.40332031,.14486007,.5,trt
MI_T,.41651112,.11924899,.5,trt
MI_LOGT,.3615216,.12298217,.5,trt
CC,.84706724,.15935203,.5,trt
MI_T,.68358463,.1476485,.5,trt
MI_LOGT,.6300807,.12991241,.5,trt
CC,.2628831,.15686354,.5,trt
MI_T,.2989012,.13578086,.5,trt
MI_LOGT,.28523821,.1392501,.5,trt
CC,.46488968,.14659637,.5,trt
MI_T,.47589752,.11927892,.5,trt
MI_LOGT,.46668112,.12716903,.5,trt
CC,.32186115,.16007422,.5,trt
MI_T,.35478583,.16364959,.5,trt
MI_LOGT,.39390069,.13686787,.5,trt
CC,.43929192,.12260093,.5,trt
MI_T,.40266132,.11193047,.5,trt
MI_LOGT,.47344545,.10466774,.5,trt
CC,.91463226,.1759593,.5,trt
MI_T,.73768479,.16175421,.5,trt
MI_LOGT,.68153465,.15127881,.5,trt
CC,.53626186,.12599023,.5,trt
MI_T,.60818845,.11916651,.5,trt
MI_LOGT,.5883069,.120502,.5,trt
CC,.52232558,.16674595,.5,trt
MI_T,.43179172,.12160385,.5,trt
MI_LOGT,.45389119,.1163905,.5,trt
CC,.46245027,.13165434,.5,trt
MI_T,.48404989,.10829864,.5,trt
MI_LOGT,.45942858,.12204387,.5,trt
CC,.22097573,.14100467,.5,trt
MI_T,.25456673,.11664444,.5,trt
MI_LOGT,.240187,.12280134,.5,trt
CC,.45218971,.13842721,.5,trt
MI_T,.40409863,.15949127,.5,trt
MI_LOGT,.43385738,.13813578,.5,trt
CC,.51615441,.12688057,.5,trt
MI_T,.56081671,.12893279,.5,trt
MI_LOGT,.5197742,.12830792,.5,trt
CC,.54812735,.13273203,.5,trt
MI_T,.52827668,.1289888,.5,trt
MI_LOGT,.50439566,.11745428,.5,trt
CC,.50662845,.129206,.5,trt
MI_T,.43503714,.13667706,.5,trt
MI_LOGT,.44655979,.12529635,.5,trt
CC,.72064239,.16282226,.5,trt
MI_T,.65766484,.13200009,.5,trt
MI_LOGT,.66246206,.1725468,.5,trt
CC,.55949849,.13937742,.5,trt
MI_T,.57092386,.12016761,.5,trt
MI_LOGT,.59582031,.12073436,.5,trt
CC,.5716179,.20534983,.5,trt
MI_T,.48487175,.15514065,.5,trt
MI_LOGT,.50167537,.15856019,.5,trt
CC,.61403072,.15764032,.5,trt
MI_T,.49996406,.13856959,.5,trt
MI_LOGT,.5160315,.14922322,.5,trt
CC,.3681697,.11937717,.5,trt
MI_T,.3811616,.13655652,.5,trt
MI_LOGT,.4216454,.10856973,.5,trt
CC,.53549588,.1609457,.5,trt
MI_T,.49309471,.139843,.5,trt
MI_LOGT,.47929657,.17102671,.5,trt
CC,.38817573,.17516065,.5,trt
MI_T,.3490876,.14684533,.5,trt
MI_LOGT,.33767161,.14544103,.5,trt
CC,.41719207,.12987527,.5,trt
MI_T,.2668747,.10889205,.5,trt
MI_LOGT,.28816774,.10782941,.5,trt
CC,.43520007,.14528432,.5,trt
MI_T,.53769577,.12726462,.5,trt
MI_LOGT,.53673857,.12464156,.5,trt
CC,.43684772,.12120274,.5,trt
MI_T,.52131885,.10906877,.5,trt
MI_LOGT,.51855671,.12228506,.5,trt
CC,.20592083,.11386372,.5,trt
MI_T,.2455298,.11735568,.5,trt
MI_LOGT,.2276817,.13722549,.5,trt
CC,.7399978,.15053548,.5,trt
MI_T,.67468548,.13956296,.5,trt
MI_LOGT,.67457467,.15588376,.5,trt
CC,.48526582,.15294337,.5,trt
MI_T,.41415742,.14441392,.5,trt
MI_LOGT,.30774182,.14886639,.5,trt
CC,.49048293,.16386223,.5,trt
MI_T,.47867998,.15613426,.5,trt
MI_LOGT,.47167379,.15402327,.5,trt
CC,.63424718,.15602341,.5,trt
MI_T,.54225588,.13668144,.5,trt
MI_LOGT,.5070262,.14294784,.5,trt
CC,.37650016,.12682028,.5,trt
MI_T,.36124304,.10180572,.5,trt
MI_LOGT,.35575023,.1112533,.5,trt
CC,.49069232,.16065671,.5,trt
MI_T,.42751893,.12312511,.5,trt
MI_LOGT,.45421931,.14838721,.5,trt
CC,.66721755,.14819144,.5,trt
MI_T,.56096762,.14584799,.5,trt
MI_LOGT,.55163795,.13584641,.5,trt
CC,.72562879,.13840713,.5,trt
MI_T,.65596044,.11734698,.5,trt
MI_LOGT,.71387792,.13487436,.5,trt
CC,.37485307,.12564419,.5,trt
MI_T,.39901146,.11288072,.5,trt
MI_LOGT,.40401947,.12752566,.5,trt
CC,.29745251,.13055474,.5,trt
MI_T,.27405664,.11643483,.5,trt
MI_LOGT,.27978864,.11923615,.5,trt
CC,.50212675,.14810114,.5,trt
MI_T,.51761007,.14401811,.5,trt
MI_LOGT,.51403826,.14007105,.5,trt
CC,.57775104,.14074452,.5,trt
MI_T,.56763202,.12746927,.5,trt
MI_LOGT,.6148873,.11862567,.5,trt
CC,.35819104,.13060865,.5,trt
MI_T,.3191973,.14500593,.5,trt
MI_LOGT,.35788545,.14622122,.5,trt
CC,.50630474,.1412098,.5,trt
MI_T,.44063556,.11560979,.5,trt
MI_LOGT,.4630653,.1158849,.5,trt
CC,.62770766,.16178147,.5,trt
MI_T,.71409488,.15563031,.5,trt
MI_LOGT,.78617305,.15743287,.5,trt
CC,.62596369,.16899367,.5,trt
MI_T,.58261746,.1596881,.5,trt
MI_LOGT,.6029644,.1342048,.5,trt
CC,.82024008,.1517916,.5,trt
MI_T,.81235325,.15108946,.5,trt
MI_LOGT,.8368724,.13137099,.5,trt
CC,.53162956,.15627493,.5,trt
MI_T,.72355676,.15909462,.5,trt
MI_LOGT,.70130283,.1753324,.5,trt
CC,.27884161,.13452974,.5,trt
MI_T,.24486807,.13632625,.5,trt
MI_LOGT,.25308174,.1091714,.5,trt
CC,.4899309,.13294527,.5,trt
MI_T,.58596838,.12887514,.5,trt
MI_LOGT,.56254035,.12897108,.5,trt
CC,.4599475,.13436554,.5,trt
MI_T,.41228867,.1219795,.5,trt
MI_LOGT,.42903668,.10612364,.5,trt
CC,.83435798,.16278009,.5,trt
MI_T,.72692478,.17848249,.5,trt
MI_LOGT,.68677348,.13589525,.5,trt
CC,.47490737,.13803592,.5,trt
MI_T,.45095503,.13343866,.5,trt
MI_LOGT,.49860832,.13305528,.5,trt
CC,.63931495,.15221323,.5,trt
MI_T,.51827264,.13418302,.5,trt
MI_LOGT,.59193873,.15871418,.5,trt
CC,.53676575,.14134221,.5,trt
MI_T,.34331498,.12858006,.5,trt
MI_LOGT,.3449319,.11616358,.5,trt
CC,.55420542,.16073604,.5,trt
MI_T,.55177891,.13993943,.5,trt
MI_LOGT,.59764332,.14133194,.5,trt
CC,.97376066,.17022991,.5,trt
MI_T,.87300581,.15440144,.5,trt
MI_LOGT,.87609953,.14297895,.5,trt
CC,.58105916,.14957598,.5,trt
MI_T,.54649234,.15614618,.5,trt
MI_LOGT,.53350037,.1193748,.5,trt
CC,.57358927,.1397163,.5,trt
MI_T,.55542576,.13432279,.5,trt
MI_LOGT,.51199228,.13471764,.5,trt
CC,.88436025,.1803118,.5,trt
MI_T,.69142401,.12941113,.5,trt
MI_LOGT,.77260476,.1411837,.5,trt
CC,.57796425,.15490811,.5,trt
MI_T,.55639237,.15816458,.5,trt
MI_LOGT,.58070737,.12308616,.5,trt
CC,.38048771,.16487099,.5,trt
MI_T,.33710366,.16490361,.5,trt
MI_LOGT,.36748034,.14336972,.5,trt
CC,.22167175,.15282145,.5,trt
MI_T,.28689161,.12186445,.5,trt
MI_LOGT,.30313069,.12909915,.5,trt
CC,.52788574,.15189457,.5,trt
MI_T,.50066173,.14623924,.5,trt
MI_LOGT,.45720881,.13516964,.5,trt
CC,.62572265,.14276879,.5,trt
MI_T,.66303873,.12926398,.5,trt
MI_LOGT,.62899894,.15896626,.5,trt
CC,.48252606,.14451015,.5,trt
MI_T,.48351359,.13619925,.5,trt
MI_LOGT,.52388763,.137823,.5,trt
CC,.53183025,.14916508,.5,trt
MI_T,.4754633,.13569947,.5,trt
MI_LOGT,.57064223,.1239185,.5,trt
CC,.56707734,.13743514,.5,trt
MI_T,.52055377,.12420762,.5,trt
MI_LOGT,.58295119,.1287147,.5,trt
CC,.52212179,.13585456,.5,trt
MI_T,.47301877,.11455713,.5,trt
MI_LOGT,.4620578,.11600818,.5,trt
CC,.7279461,.15908016,.5,trt
MI_T,.73662776,.15435968,.5,trt
MI_LOGT,.74105483,.15287004,.5,trt
CC,.5938102,.13024393,.5,trt
MI_T,.59964418,.11895697,.5,trt
MI_LOGT,.56081587,.12031025,.5,trt
CC,.50898111,.13811985,.5,trt
MI_T,.46716589,.12155116,.5,trt
MI_LOGT,.45861748,.13538754,.5,trt
CC,.51372242,.1477675,.5,trt
MI_T,.55246824,.13069145,.5,trt
MI_LOGT,.53950036,.14238776,.5,trt
CC,.64812511,.14025982,.5,trt
MI_T,.68763238,.13065889,.5,trt
MI_LOGT,.61883301,.11107825,.5,trt
CC,.35716495,.13711296,.5,trt
MI_T,.3292416,.13288617,.5,trt
MI_LOGT,.36487517,.13190581,.5,trt
CC,.3789534,.1432917,.5,trt
MI_T,.37932175,.14804086,.5,trt
MI_LOGT,.36987284,.12918441,.5,trt
CC,.39234117,.15795378,.5,trt
MI_T,.45609316,.14773792,.5,trt
MI_LOGT,.49584365,.15416427,.5,trt
CC,.5015837,.15242037,.5,trt
MI_T,.56968051,.12854268,.5,trt
MI_LOGT,.60326803,.11843944,.5,trt
CC,.49674436,.13662764,.5,trt
MI_T,.43694195,.11500333,.5,trt
MI_LOGT,.42615461,.11405315,.5,trt
CC,.44597191,.1573838,.5,trt
MI_T,.37658975,.12903343,.5,trt
MI_LOGT,.34696698,.12893993,.5,trt
CC,.53155684,.14449075,.5,trt
MI_T,.4837946,.12000886,.5,trt
MI_LOGT,.48717147,.15469509,.5,trt
CC,.60590523,.16652206,.5,trt
MI_T,.68704128,.16082667,.5,trt
MI_LOGT,.6911478,.13489118,.5,trt
CC,.37258559,.12168867,.5,trt
MI_T,.50015998,.10084961,.5,trt
MI_LOGT,.53527272,.11160067,.5,trt
CC,.6164881,.14377131,.5,trt
MI_T,.54547101,.13427815,.5,trt
MI_LOGT,.55171794,.15318251,.5,trt
CC,.45534566,.18839847,.5,trt
MI_T,.45487979,.14184739,.5,trt
MI_LOGT,.41160166,.15926909,.5,trt
CC,.65088952,.15000555,.5,trt
MI_T,.5292145,.15953578,.5,trt
MI_LOGT,.52645886,.14586265,.5,trt
CC,.60739785,.18042862,.5,trt
MI_T,.6180591,.1460132,.5,trt
MI_LOGT,.60160685,.14830734,.5,trt
CC,.37277168,.14671689,.5,trt
MI_T,.38619974,.12976198,.5,trt
MI_LOGT,.31314814,.12726639,.5,trt
CC,.50258303,.13392982,.5,trt
MI_T,.59614259,.14018114,.5,trt
MI_LOGT,.54234111,.13574672,.5,trt
CC,.51435995,.13879682,.5,trt
MI_T,.44853029,.15207258,.5,trt
MI_LOGT,.43988863,.138061,.5,trt
CC,.5870645,.16553155,.5,trt
MI_T,.387355,.13713388,.5,trt
MI_LOGT,.3810952,.13280934,.5,trt
CC,.70543838,.16448173,.5,trt
MI_T,.55180377,.12891942,.5,trt
MI_LOGT,.63165402,.17436552,.5,trt
CC,.66448355,.13691857,.5,trt
MI_T,.7345506,.11674295,.5,trt
MI_LOGT,.69922823,.13020858,.5,trt
CC,.67298669,.1456742,.5,trt
MI_T,.63408715,.12691467,.5,trt
MI_LOGT,.61817437,.13310823,.5,trt
CC,.53943235,.12631679,.5,trt
MI_T,.55737829,.12416606,.5,trt
MI_LOGT,.6101414,.11964831,.5,trt
CC,.63693547,.15743689,.5,trt
MI_T,.61357123,.1508684,.5,trt
MI_LOGT,.66009808,.16628729,.5,trt
CC,.49079055,.14355443,.5,trt
MI_T,.47153938,.14662994,.5,trt
MI_LOGT,.5139361,.14656471,.5,trt
CC,.44288549,.1660798,.5,trt
MI_T,.51025057,.14580438,.5,trt
MI_LOGT,.51574224,.15603505,.5,trt
CC,.58963168,.14484355,.5,trt
MI_T,.5431987,.13542387,.5,trt
MI_LOGT,.6524967,.1125923,.5,trt
CC,.47242489,.15338324,.5,trt
MI_T,.5194298,.11320585,.5,trt
MI_LOGT,.47369295,.11913148,.5,trt
CC,.42220834,.13682124,.5,trt
MI_T,.35591811,.12666868,.5,trt
MI_LOGT,.35552371,.12466916,.5,trt
CC,.3365722,.17005493,.5,trt
MI_T,.20572557,.15056926,.5,trt
MI_LOGT,.35388216,.13600999,.5,trt
CC,.47025838,.1339231,.5,trt
MI_T,.42874575,.12263446,.5,trt
MI_LOGT,.39695135,.11744338,.5,trt
CC,.6056658,.13787265,.5,trt
MI_T,.52703595,.12454734,.5,trt
MI_LOGT,.51686126,.12464391,.5,trt
CC,.6982246,.16224158,.5,trt
MI_T,.65908277,.14725739,.5,trt
MI_LOGT,.63869661,.12552536,.5,trt
CC,.23183921,.12797613,.5,trt
MI_T,.23004632,.10980608,.5,trt
MI_LOGT,.22842279,.11051932,.5,trt
CC,.44098014,.14265218,.5,trt
MI_T,.4379392,.12786929,.5,trt
MI_LOGT,.43755129,.13421781,.5,trt
CC,.42019382,.15552653,.5,trt
MI_T,.43817627,.13749392,.5,trt
MI_LOGT,.41213045,.14849988,.5,trt
CC,.78834623,.14494273,.5,trt
MI_T,.70533293,.1210858,.5,trt
MI_LOGT,.71194082,.12192071,.5,trt
CC,.50663394,.14126495,.5,trt
MI_T,.52973425,.12328675,.5,trt
MI_LOGT,.55524564,.13528278,.5,trt
CC,.48880506,.14957377,.5,trt
MI_T,.45062131,.11929175,.5,trt
MI_LOGT,.45746994,.12900595,.5,trt
CC,.53549939,.15664922,.5,trt
MI_T,.55926162,.14572024,.5,trt
MI_LOGT,.52936608,.14808287,.5,trt
CC,.54296815,.14644317,.5,trt
MI_T,.38637438,.1216911,.5,trt
MI_LOGT,.4224188,.14033686,.5,trt
CC,.4525246,.14311144,.5,trt
MI_T,.53098619,.12853235,.5,trt
MI_LOGT,.50745761,.12491935,.5,trt
CC,.3226335,.14870113,.5,trt
MI_T,.41240102,.12964541,.5,trt
MI_LOGT,.46707678,.13678533,.5,trt
CC,.54963756,.12858784,.5,trt
MI_T,.44252896,.11031616,.5,trt
MI_LOGT,.44800141,.10884973,.5,trt
CC,.41765207,.13244575,.5,trt
MI_T,.44935179,.12161981,.5,trt
MI_LOGT,.41736063,.14381565,.5,trt
CC,.60147572,.13675468,.5,trt
MI_T,.56275105,.12453436,.5,trt
MI_LOGT,.602485,.12592891,.5,trt
CC,.2446923,.14499368,.5,trt
MI_T,.3024914,.1238634,.5,trt
MI_LOGT,.27513391,.16313718,.5,trt
CC,.027511602,.15170567,.5,trt
MI_T,.070268288,.13308534,.5,trt
MI_LOGT,.10112414,.15068726,.5,trt
CC,.55265886,.1512,.5,trt
MI_T,.56805885,.13112147,.5,trt
MI_LOGT,.48360592,.11459128,.5,trt
CC,.88279146,.16995576,.5,trt
MI_T,.70567298,.14595783,.5,trt
MI_LOGT,.72466046,.13920952,.5,trt
CC,.3790282,.14319588,.5,trt
MI_T,.40716702,.13028565,.5,trt
MI_LOGT,.45891902,.12053104,.5,trt
CC,.48059767,.13843979,.5,trt
MI_T,.48053631,.12081482,.5,trt
MI_LOGT,.53440762,.13963106,.5,trt
CC,.47618642,.11859172,.5,trt
MI_T,.38684914,.10228261,.5,trt
MI_LOGT,.4204587,.099844493,.5,trt
CC,.25236771,.15615965,.5,trt
MI_T,.33781061,.12952447,.5,trt
MI_LOGT,.33510321,.12852293,.5,trt
CC,.43594342,.16394526,.5,trt
MI_T,.43925858,.18226022,.5,trt
MI_LOGT,.54229999,.13433397,.5,trt
CC,.49842006,.13733916,.5,trt
MI_T,.49481195,.136114,.5,trt
MI_LOGT,.4840492,.15267009,.5,trt
CC,.31384709,.15236236,.5,trt
MI_T,.29805735,.15710713,.5,trt
MI_LOGT,.42888239,.13680491,.5,trt
CC,.49982417,.12881097,.5,trt
MI_T,.49617144,.12633872,.5,trt
MI_LOGT,.46067435,.12902446,.5,trt
CC,.4557302,.13403115,.5,trt
MI_T,.58562338,.133724,.5,trt
MI_LOGT,.55107874,.14893574,.5,trt
CC,.79163826,.18672079,.5,trt
MI_T,.51102287,.17067368,.5,trt
MI_LOGT,.54288137,.2269281,.5,trt
CC,.3630898,.13450715,.5,trt
MI_T,.34274605,.12713601,.5,trt
MI_LOGT,.34321523,.15188573,.5,trt
CC,.4648591,.1484056,.5,trt
MI_T,.52231055,.15823744,.5,trt
MI_LOGT,.51120162,.12411182,.5,trt
CC,.56876701,.1468852,.5,trt
MI_T,.54082769,.13015074,.5,trt
MI_LOGT,.57383305,.16296339,.5,trt
CC,.75086242,.17536426,.5,trt
MI_T,.58501744,.14041874,.5,trt
MI_LOGT,.60093004,.15488932,.5,trt
CC,.40081859,.1389316,.5,trt
MI_T,.41240263,.12341434,.5,trt
MI_LOGT,.41189808,.15115197,.5,trt
CC,.51464474,.1437317,.5,trt
MI_T,.53130144,.13691914,.5,trt
MI_LOGT,.55295664,.12916681,.5,trt
CC,.63911754,.14264567,.5,trt
MI_T,.63833362,.13057394,.5,trt
MI_LOGT,.62965471,.14803338,.5,trt
CC,.6621533,.15839316,.5,trt
MI_T,.64024788,.13829014,.5,trt
MI_LOGT,.67854548,.14488342,.5,trt
CC,.58105254,.16095848,.5,trt
MI_T,.51154333,.16898568,.5,trt
MI_LOGT,.49819145,.15025181,.5,trt
CC,.78677517,.15349132,.5,trt
MI_T,.64128608,.12586607,.5,trt
MI_LOGT,.68252289,.11919977,.5,trt
CC,.65763509,.14991847,.5,trt
MI_T,.60227865,.12824862,.5,trt
MI_LOGT,.61341453,.16208296,.5,trt
CC,.37961936,.1362942,.5,trt
MI_T,.4890241,.11777683,.5,trt
MI_LOGT,.49610281,.1284003,.5,trt
CC,.68954164,.17835821,.5,trt
MI_T,.57489264,.14535178,.5,trt
MI_LOGT,.5574941,.15845007,.5,trt
CC,.79475307,.16682339,.5,trt
MI_T,.75275576,.16182068,.5,trt
MI_LOGT,.7602967,.15525228,.5,trt
CC,.35427999,.11936165,.5,trt
MI_T,.35529149,.10858807,.5,trt
MI_LOGT,.35848114,.11403891,.5,trt
CC,.44491196,.13727619,.5,trt
MI_T,.37967882,.10413482,.5,trt
MI_LOGT,.39563337,.11593093,.5,trt
CC,.75096637,.1607144,.5,trt
MI_T,.7601276,.12417889,.5,trt
MI_LOGT,.69185019,.13750011,.5,trt
CC,.62642676,.17272142,.5,trt
MI_T,.6773569,.14897124,.5,trt
MI_LOGT,.57492137,.13704725,.5,trt
CC,.65614372,.15225975,.5,trt
MI_T,.63610578,.14695172,.5,trt
MI_LOGT,.64532727,.13685022,.5,trt
CC,.47703186,.14270863,.5,trt
MI_T,.37847391,.13806914,.5,trt
MI_LOGT,.40433374,.12077013,.5,trt
CC,.56547189,.17769715,.5,trt
MI_T,.49018475,.16226377,.5,trt
MI_LOGT,.47450045,.15231223,.5,trt
CC,.36411124,.13375542,.5,trt
MI_T,.43588129,.13420182,.5,trt
MI_LOGT,.36510664,.1285798,.5,trt
CC,.27495643,.14766732,.5,trt
MI_T,.25760373,.1417128,.5,trt
MI_LOGT,.29288578,.12646921,.5,trt
CC,.64729029,.18767633,.5,trt
MI_T,.53481287,.13251397,.5,trt
MI_LOGT,.53506249,.13700418,.5,trt
CC,.67245609,.15117717,.5,trt
MI_T,.69281662,.13003273,.5,trt
MI_LOGT,.69532144,.12971982,.5,trt
CC,.61799401,.1330782,.5,trt
MI_T,.63860792,.10889252,.5,trt
MI_LOGT,.63057637,.12692538,.5,trt
CC,.34319776,.13324133,.5,trt
MI_T,.32027325,.13850406,.5,trt
MI_LOGT,.36545098,.13489896,.5,trt
CC,.40549546,.11423596,.5,trt
MI_T,.33204398,.10065975,.5,trt
MI_LOGT,.37266314,.098112218,.5,trt
CC,.6205219,.14965354,.5,trt
MI_T,.72447991,.1381316,.5,trt
MI_LOGT,.66376406,.14448012,.5,trt
CC,.50322253,.13797089,.5,trt
MI_T,.41057417,.11757275,.5,trt
MI_LOGT,.41861752,.13820784,.5,trt
CC,.58221245,.15163895,.5,trt
MI_T,.50642604,.1341853,.5,trt
MI_LOGT,.53061986,.14948963,.5,trt
CC,.50831556,.14654118,.5,trt
MI_T,.60080492,.11306177,.5,trt
MI_LOGT,.53732228,.16180237,.5,trt
CC,.49578974,.172784,.5,trt
MI_T,.54631162,.16952346,.5,trt
MI_LOGT,.45499042,.14472857,.5,trt
CC,.81888974,.17642918,.5,trt
MI_T,.79183525,.16075577,.5,trt
MI_LOGT,.73689187,.20684895,.5,trt
CC,.78221089,.15897387,.5,trt
MI_T,.72479385,.13195755,.5,trt
MI_LOGT,.72578591,.13945261,.5,trt
CC,.17805894,.17033325,.5,trt
MI_T,.25093955,.14184566,.5,trt
MI_LOGT,.21578608,.12748355,.5,trt
CC,.60776049,.16180781,.5,trt
MI_T,.48252541,.11007342,.5,trt
MI_LOGT,.45411521,.1209806,.5,trt
CC,.40092921,.1441481,.5,trt
MI_T,.29049507,.15374151,.5,trt
MI_LOGT,.34539035,.12765594,.5,trt
CC,.50449973,.12553547,.5,trt
MI_T,.46930003,.11106858,.5,trt
MI_LOGT,.46693182,.11717428,.5,trt
CC,.42301449,.13048942,.5,trt
MI_T,.31772006,.1237823,.5,trt
MI_LOGT,.36452985,.11447741,.5,trt
CC,.5753808,.16747352,.5,trt
MI_T,.5188694,.1342673,.5,trt
MI_LOGT,.57442486,.18047474,.5,trt
CC,.61625785,.13879327,.5,trt
MI_T,.59974539,.12053637,.5,trt
MI_LOGT,.60876143,.13349046,.5,trt
CC,.52349949,.13574108,.5,trt
MI_T,.61009192,.13563536,.5,trt
MI_LOGT,.54815477,.12991039,.5,trt
CC,.46926278,.11726211,.5,trt
MI_T,.45276326,.15440051,.5,trt
MI_LOGT,.47189841,.099733904,.5,trt
CC,.43185857,.15588932,.5,trt
MI_T,.49258241,.13047411,.5,trt
MI_LOGT,.45580715,.14881039,.5,trt
CC,.28773904,.16481279,.5,trt
MI_T,.35594958,.15517493,.5,trt
MI_LOGT,.33868253,.17497094,.5,trt
CC,.81898731,.15400212,.5,trt
MI_T,.78761137,.12577449,.5,trt
MI_LOGT,.80288881,.13093059,.5,trt
CC,.65954328,.13547149,.5,trt
MI_T,.71661997,.13562746,.5,trt
MI_LOGT,.71992356,.11982381,.5,trt
CC,.72353917,.15630464,.5,trt
MI_T,.76985055,.12067957,.5,trt
MI_LOGT,.76307839,.11793127,.5,trt
CC,.38398844,.14515837,.5,trt
MI_T,.43008161,.1156048,.5,trt
MI_LOGT,.42436826,.12515165,.5,trt
CC,.48555878,.15605882,.5,trt
MI_T,.4520663,.16306578,.5,trt
MI_LOGT,.5175252,.14845659,.5,trt
CC,.55056715,.15364663,.5,trt
MI_T,.49260625,.11370395,.5,trt
MI_LOGT,.49135241,.11460955,.5,trt
CC,.50024247,.10933655,.5,trt
MI_T,.48673379,.1202569,.5,trt
MI_LOGT,.52390265,.10047554,.5,trt
CC,.37514761,.13455661,.5,trt
MI_T,.47368476,.11426174,.5,trt
MI_LOGT,.40097627,.11365295,.5,trt
CC,.98760808,.1585183,.5,trt
MI_T,.85020638,.16590175,.5,trt
MI_LOGT,.91204059,.13860059,.5,trt
CC,.76292574,.14781328,.5,trt
MI_T,.80796552,.11828658,.5,trt
MI_LOGT,.80504882,.14970882,.5,trt
CC,.42475054,.16247892,.5,trt
MI_T,.22027448,.13537958,.5,trt
MI_LOGT,.21546537,.14847049,.5,trt
CC,.44217843,.15605354,.5,trt
MI_T,.47233793,.12494507,.5,trt
MI_LOGT,.47958437,.12865263,.5,trt
CC,.53004193,.1245508,.5,trt
MI_T,.50898671,.11271167,.5,trt
MI_LOGT,.52737153,.10316034,.5,trt
CC,.54926425,.14575388,.5,trt
MI_T,.53094804,.12060826,.5,trt
MI_LOGT,.51048142,.11934163,.5,trt
CC,.48160172,.15735476,.5,trt
MI_T,.36888236,.12940267,.5,trt
MI_LOGT,.47417521,.15670578,.5,trt
CC,.52459443,.14675105,.5,trt
MI_T,.54221636,.13226543,.5,trt
MI_LOGT,.53464442,.14678416,.5,trt
CC,.69541299,.13093215,.5,trt
MI_T,.72282356,.12762436,.5,trt
MI_LOGT,.65552473,.12712473,.5,trt
CC,.46924785,.13527375,.5,trt
MI_T,.44565687,.13209492,.5,trt
MI_LOGT,.4510572,.1280169,.5,trt
CC,.4555026,.15173422,.5,trt
MI_T,.46800947,.13467693,.5,trt
MI_LOGT,.42448875,.13576344,.5,trt
CC,.75907642,.16555119,.5,trt
MI_T,.71426886,.16496514,.5,trt
MI_LOGT,.71726084,.13379052,.5,trt
CC,.78143352,.1789331,.5,trt
MI_T,.61991167,.16261092,.5,trt
MI_LOGT,.59011215,.14823185,.5,trt
CC,.5308485,.12789868,.5,trt
MI_T,.55180508,.11383735,.5,trt
MI_LOGT,.5410803,.12041983,.5,trt
CC,.37606379,.14754774,.5,trt
MI_T,.33726171,.12662566,.5,trt
MI_LOGT,.34451655,.12097592,.5,trt
CC,.54086518,.13083874,.5,trt
MI_T,.59485972,.13195394,.5,trt
MI_LOGT,.55633271,.13051292,.5,trt
CC,.44618541,.13951884,.5,trt
MI_T,.48858887,.14360219,.5,trt
MI_LOGT,.5245046,.14345092,.5,trt
CC,.64907604,.15815358,.5,trt
MI_T,.55620497,.13458152,.5,trt
MI_LOGT,.41265798,.14046125,.5,trt
CC,.19207016,.13965766,.5,trt
MI_T,.17759819,.13142604,.5,trt
MI_LOGT,.16806728,.1239816,.5,trt
CC,.37355763,.15782495,.5,trt
MI_T,.35460946,.13003263,.5,trt
MI_LOGT,.35068423,.13974907,.5,trt
CC,.59926182,.12135511,.5,trt
MI_T,.53917301,.11316483,.5,trt
MI_LOGT,.56276172,.11756463,.5,trt
CC,.58159578,.13895553,.5,trt
MI_T,.54748386,.14861074,.5,trt
MI_LOGT,.53198415,.13769636,.5,trt
CC,.69668257,.14455792,.5,trt
MI_T,.75042957,.14649138,.5,trt
MI_LOGT,.6977632,.13250721,.5,trt
CC,.40279004,.1383799,.5,trt
MI_T,.37053499,.123762,.5,trt
MI_LOGT,.40939644,.17693311,.5,trt
CC,.3116461,.14769566,.5,trt
MI_T,.3760792,.12533025,.5,trt
MI_LOGT,.33777004,.1416547,.5,trt
CC,.55340964,.14810227,.5,trt
MI_T,.42972583,.15245534,.5,trt
MI_LOGT,.48636481,.14034028,.5,trt
CC,.34367096,.1233902,.5,trt
MI_T,.33051589,.13207901,.5,trt
MI_LOGT,.39027306,.11672746,.5,trt
CC,.48504826,.11828748,.5,trt
MI_T,.4206216,.11591601,.5,trt
MI_LOGT,.4281981,.10151466,.5,trt
CC,.50250298,.14748949,.5,trt
MI_T,.38241744,.12029253,.5,trt
MI_LOGT,.34834415,.11518833,.5,trt
CC,.44849646,.14275755,.5,trt
MI_T,.41834745,.118407,.5,trt
MI_LOGT,.44641504,.14231262,.5,trt
CC,.8854605,.16256635,.5,trt
MI_T,.84000444,.15632671,.5,trt
MI_LOGT,.86650717,.15171164,.5,trt
CC,.70885557,.1332563,.5,trt
MI_T,.71496004,.12909558,.5,trt
MI_LOGT,.73582935,.1437733,.5,trt
CC,.5713253,.12376389,.5,trt
MI_T,.59827203,.11246142,.5,trt
MI_LOGT,.59942293,.11059402,.5,trt
CC,.4574461,.14724648,.5,trt
MI_T,.46774918,.11432403,.5,trt
MI_LOGT,.51399845,.11907175,.5,trt
CC,.25256842,.1295695,.5,trt
MI_T,.27413133,.12679482,.5,trt
MI_LOGT,.30308628,.12029638,.5,trt
CC,.28053233,.14216557,.5,trt
MI_T,.20002101,.12033258,.5,trt
MI_LOGT,.18947482,.12690386,.5,trt
CC,.56496835,.1323127,.5,trt
MI_T,.51440865,.1276055,.5,trt
MI_LOGT,.48536888,.14099708,.5,trt
CC,.40083474,.14562632,.5,trt
MI_T,.45520288,.13987975,.5,trt
MI_LOGT,.49576882,.12931852,.5,trt
CC,.51645446,.16447818,.5,trt
MI_T,.50772154,.12696974,.5,trt
MI_LOGT,.50093383,.14347917,.5,trt
CC,.51404452,.14541641,.5,trt
MI_T,.55264318,.13339901,.5,trt
MI_LOGT,.54914421,.11984432,.5,trt
CC,.46545506,.15235274,.5,trt
MI_T,.51449072,.12673549,.5,trt
MI_LOGT,.48521212,.15584397,.5,trt
CC,.62629253,.14051445,.5,trt
MI_T,.61485487,.12122092,.5,trt
MI_LOGT,.62483609,.13414109,.5,trt
CC,.36233062,.13289359,.5,trt
MI_T,.24469937,.11629169,.5,trt
MI_LOGT,.24975406,.13247871,.5,trt
CC,.29566103,.14098652,.5,trt
MI_T,.34346685,.12816611,.5,trt
MI_LOGT,.34316126,.13307737,.5,trt
CC,.46841159,.12956096,.5,trt
MI_T,.44057029,.14099905,.5,trt
MI_LOGT,.46134827,.11317968,.5,trt
CC,.5569821,.12927619,.5,trt
MI_T,.60751659,.10927825,.5,trt
MI_LOGT,.58643454,.10633409,.5,trt
CC,.6194905,.15308212,.5,trt
MI_T,.65670222,.11799504,.5,trt
MI_LOGT,.63348502,.13531871,.5,trt
CC,.30818594,.15380222,.5,trt
MI_T,.20017298,.11064867,.5,trt
MI_LOGT,.28915712,.13099585,.5,trt
CC,.48670515,.14022328,.5,trt
MI_T,.3926596,.13512745,.5,trt
MI_LOGT,.44742817,.11220118,.5,trt
CC,.79532713,.15806781,.5,trt
MI_T,.52066749,.15094733,.5,trt
MI_LOGT,.56495517,.12933691,.5,trt
CC,.3159419,.15566997,.5,trt
MI_T,.32440925,.172627,.5,trt
MI_LOGT,.30191153,.14265639,.5,trt
CC,.70234084,.16113234,.5,trt
MI_T,.55905861,.1312151,.5,trt
MI_LOGT,.60714692,.13483354,.5,trt
CC,.66233063,.14704067,.5,trt
MI_T,.63380003,.12723528,.5,trt
MI_LOGT,.64074135,.13442393,.5,trt
CC,.6051721,.13850291,.5,trt
MI_T,.65442675,.13227448,.5,trt
MI_LOGT,.70331156,.1161728,.5,trt
CC,.5148685,.14793596,.5,trt
MI_T,.5467779,.13837335,.5,trt
MI_LOGT,.5020653,.14583685,.5,trt
CC,.27059528,.13860036,.5,trt
MI_T,.2362404,.11667287,.5,trt
MI_LOGT,.28445035,.11719649,.5,trt
CC,.30941936,.13416877,.5,trt
MI_T,.34558508,.11643378,.5,trt
MI_LOGT,.33189097,.10939167,.5,trt
CC,.63306189,.14570989,.5,trt
MI_T,.48769817,.14110357,.5,trt
MI_LOGT,.50185472,.149589,.5,trt
CC,.4056266,.14810672,.5,trt
MI_T,.50762165,.12113807,.5,trt
MI_LOGT,.43063194,.1432308,.5,trt
CC,.45282686,.13854691,.5,trt
MI_T,.44573,.11937343,.5,trt
MI_LOGT,.47132912,.12188271,.5,trt
CC,.30483472,.12979445,.5,trt
MI_T,.37110966,.12340485,.5,trt
MI_LOGT,.34956723,.12288884,.5,trt
CC,.6993531,.15293121,.5,trt
MI_T,.74101186,.13561797,.5,trt
MI_LOGT,.66541928,.14547896,.5,trt
CC,.27198565,.12245302,.5,trt
MI_T,.27103612,.12187919,.5,trt
MI_LOGT,.3370626,.1218955,.5,trt
CC,.43841603,.13051015,.5,trt
MI_T,.43186384,.16290876,.5,trt
MI_LOGT,.44500035,.11950267,.5,trt
CC,.33510116,.15103814,.5,trt
MI_T,.38949376,.12275714,.5,trt
MI_LOGT,.31559667,.16077429,.5,trt
CC,.43395928,.12672171,.5,trt
MI_T,.42933923,.13433054,.5,trt
MI_LOGT,.39759761,.11077381,.5,trt
CC,.40541705,.13800654,.5,trt
MI_T,.35428318,.13753326,.5,trt
MI_LOGT,.3788588,.15450089,.5,trt
CC,.45069879,.15140128,.5,trt
MI_T,.43383273,.13598394,.5,trt
MI_LOGT,.44130448,.14467895,.5,trt
CC,.50883639,.13259044,.5,trt
MI_T,.58099538,.12172516,.5,trt
MI_LOGT,.5398764,.12795787,.5,trt
CC,.40204573,.13110976,.5,trt
MI_T,.48015019,.11450397,.5,trt
MI_LOGT,.47231334,.13791056,.5,trt
CC,.47443277,.12757285,.5,trt
MI_T,.45060119,.12734823,.5,trt
MI_LOGT,.49842352,.11095767,.5,trt
CC,.47254413,.14754683,.5,trt
MI_T,.4359991,.14239335,.5,trt
MI_LOGT,.4301348,.13417888,.5,trt
CC,.62885541,.16347742,.5,trt
MI_T,.63056719,.1363076,.5,trt
MI_LOGT,.68218201,.13867521,.5,trt
CC,.62884098,.12058628,.5,trt
MI_T,.63610017,.1285596,.5,trt
MI_LOGT,.60115147,.13685843,.5,trt
CC,.30802661,.13727075,.5,trt
MI_T,.40061483,.10986461,.5,trt
MI_LOGT,.33303255,.10998586,.5,trt
CC,.42284518,.16522197,.5,trt
MI_T,.55174071,.12455369,.5,trt
MI_LOGT,.47580633,.12805717,.5,trt
CC,.37804717,.1254974,.5,trt
MI_T,.34777048,.11953247,.5,trt
MI_LOGT,.343422,.11439325,.5,trt
CC,.3984817,.1454325,.5,trt
MI_T,.40458456,.12708364,.5,trt
MI_LOGT,.44268608,.1170145,.5,trt
CC,.57166511,.13744286,.5,trt
MI_T,.44288099,.11219796,.5,trt
MI_LOGT,.50804639,.13137199,.5,trt
CC,.54674053,.14336617,.5,trt
MI_T,.50172567,.13609695,.5,trt
MI_LOGT,.59205174,.14353625,.5,trt
CC,.41766208,.14711116,.5,trt
MI_T,.44150913,.12710944,.5,trt
MI_LOGT,.46560943,.12393378,.5,trt
CC,.67789775,.14562844,.5,trt
MI_T,.74718386,.11666866,.5,trt
MI_LOGT,.74809134,.12386545,.5,trt
CC,.31664592,.14607911,.5,trt
MI_T,.26499078,.11285342,.5,trt
MI_LOGT,.2425233,.11850362,.5,trt
CC,.76181948,.14997721,.5,trt
MI_T,.65209329,.14095572,.5,trt
MI_LOGT,.68885577,.12681498,.5,trt
CC,.61437976,.12013361,.5,trt
MI_T,.64116663,.10462517,.5,trt
MI_LOGT,.65341651,.11391057,.5,trt
CC,.37761843,.15427242,.5,trt
MI_T,.39454857,.13771331,.5,trt
MI_LOGT,.42206746,.13393264,.5,trt
CC,.58121598,.15317857,.5,trt
MI_T,.62813371,.12935151,.5,trt
MI_LOGT,.60108757,.16254862,.5,trt
CC,.64103842,.14678134,.5,trt
MI_T,.70480365,.1575073,.5,trt
MI_LOGT,.69932771,.13728973,.5,trt
CC,.68765628,.14695364,.5,trt
MI_T,.66787404,.13975455,.5,trt
MI_LOGT,.6866889,.12733509,.5,trt
CC,.55236244,.13365608,.5,trt
MI_T,.57677436,.1232004,.5,trt
MI_LOGT,.50116682,.14717394,.5,trt
CC,.6231519,.13479373,.5,trt
MI_T,.54030293,.12676816,.5,trt
MI_LOGT,.60478854,.18011647,.5,trt
CC,.4181965,.14615785,.5,trt
MI_T,.41801092,.15440236,.5,trt
MI_LOGT,.442857,.1324569,.5,trt
CC,.40658501,.14574488,.5,trt
MI_T,.50476766,.14068864,.5,trt
MI_LOGT,.51437813,.13334408,.5,trt
CC,.5897361,.16343817,.5,trt
MI_T,.55555552,.14384647,.5,trt
MI_LOGT,.52990532,.13263682,.5,trt
CC,.85161853,.16574143,.5,trt
MI_T,.77911711,.1389329,.5,trt
MI_LOGT,.79257339,.14278975,.5,trt
CC,.54238558,.1271752,.5,trt
MI_T,.54506361,.10330568,.5,trt
MI_LOGT,.54955769,.10180128,.5,trt
CC,.7420606,.15324378,.5,trt
MI_T,.74381745,.16546293,.5,trt
MI_LOGT,.69135845,.12642574,.5,trt
CC,.37571403,.12186667,.5,trt
MI_T,.43254989,.10633711,.5,trt
MI_LOGT,.39356279,.13354261,.5,trt
CC,.76689506,.16811521,.5,trt
MI_T,.80267906,.15602094,.5,trt
MI_LOGT,.73846519,.16424605,.5,trt
CC,.53973359,.15849975,.5,trt
MI_T,.54990506,.12488147,.5,trt
MI_LOGT,.52706134,.14245902,.5,trt
CC,.3016682,.15089203,.5,trt
MI_T,.20934102,.1351722,.5,trt
MI_LOGT,.26370037,.13479742,.5,trt
CC,.66799814,.1540001,.5,trt
MI_T,.56186163,.1200543,.5,trt
MI_LOGT,.60182291,.1437508,.5,trt
CC,.57652926,.14648646,.5,trt
MI_T,.56490564,.120271,.5,trt
MI_LOGT,.53457063,.13281417,.5,trt
CC,.35989314,.15497483,.5,trt
MI_T,.47962469,.15159421,.5,trt
MI_LOGT,.47751749,.13458179,.5,trt
CC,.65241784,.1694703,.5,trt
MI_T,.57882822,.12804706,.5,trt
MI_LOGT,.60239935,.17900661,.5,trt
CC,.50757724,.11618612,.5,trt
MI_T,.50132632,.09954416,.5,trt
MI_LOGT,.51357955,.11276351,.5,trt
CC,.43697882,.14397521,.5,trt
MI_T,.44651651,.12851308,.5,trt
MI_LOGT,.43398538,.12396454,.5,trt
CC,.56223083,.13300179,.5,trt
MI_T,.63370949,.12165353,.5,trt
MI_LOGT,.62000239,.13189629,.5,trt
CC,.44958147,.16174024,.5,trt
MI_T,.47605717,.15036124,.5,trt
MI_LOGT,.45767048,.14047994,.5,trt
CC,.51057452,.12653141,.5,trt
MI_T,.4991371,.11200317,.5,trt
MI_LOGT,.49589834,.11224461,.5,trt
CC,.6955753,.16241281,.5,trt
MI_T,.6273697,.14846019,.5,trt
MI_LOGT,.60036641,.14293356,.5,trt
CC,.25388727,.1217483,.5,trt
MI_T,.3112883,.11777558,.5,trt
MI_LOGT,.27911672,.11115909,.5,trt
CC,.43136823,.11011991,.5,trt
MI_T,.49599928,.099365212,.5,trt
MI_LOGT,.51462221,.11170891,.5,trt
CC,.45953253,.17992324,.5,trt
MI_T,.37432429,.18557891,.5,trt
MI_LOGT,.45455024,.17358659,.5,trt
CC,.66138262,.15888697,.5,trt
MI_T,.62424803,.11457717,.5,trt
MI_LOGT,.601776,.1210968,.5,trt
CC,.43008247,.13133602,.5,trt
MI_T,.44057083,.10753355,.5,trt
MI_LOGT,.46663934,.11883178,.5,trt
CC,.46298856,.15016572,.5,trt
MI_T,.45049161,.14539216,.5,trt
MI_LOGT,.46797264,.12970655,.5,trt
CC,.4439244,.13506882,.5,trt
MI_T,.38367838,.11628262,.5,trt
MI_LOGT,.41863179,.12048778,.5,trt
CC,.40960097,.13195899,.5,trt
MI_T,.4833329,.1157762,.5,trt
MI_LOGT,.48461396,.1235525,.5,trt
CC,.53667331,.15295978,.5,trt
MI_T,.53306878,.12665413,.5,trt
MI_LOGT,.56225735,.11945539,.5,trt
CC,.35405016,.12308101,.5,trt
MI_T,.41174519,.12703708,.5,trt
MI_LOGT,.40269276,.11607473,.5,trt
CC,.53597873,.14092369,.5,trt
MI_T,.56764716,.12380668,.5,trt
MI_LOGT,.50957078,.12769276,.5,trt
CC,.46524161,.15796977,.5,trt
MI_T,.43849182,.1583889,.5,trt
MI_LOGT,.5451346,.14252609,.5,trt
CC,.70371866,.14437205,.5,trt
MI_T,.69320548,.12658222,.5,trt
MI_LOGT,.63356113,.14620316,.5,trt
CC,.59905893,.16558206,.5,trt
MI_T,.52201438,.15421355,.5,trt
MI_LOGT,.51528996,.11739194,.5,trt
CC,.49217057,.17783278,.5,trt
MI_T,.5216158,.15724005,.5,trt
MI_LOGT,.47640604,.14343192,.5,trt
CC,.32079038,.14549604,.5,trt
MI_T,.21605115,.12067782,.5,trt
MI_LOGT,.24399284,.13586779,.5,trt
CC,.5393213,.15215543,.5,trt
MI_T,.54789025,.12471051,.5,trt
MI_LOGT,.54211926,.13321221,.5,trt
CC,.72249609,.16266862,.5,trt
MI_T,.67772663,.13842002,.5,trt
MI_LOGT,.66574895,.13773862,.5,trt
CC,.56326079,.13004468,.5,trt
MI_T,.53859168,.14942563,.5,trt
MI_LOGT,.54229814,.11528978,.5,trt
CC,.55922288,.18828037,.5,trt
MI_T,.49458182,.14147954,.5,trt
MI_LOGT,.48599067,.15137105,.5,trt
CC,.38247079,.1609561,.5,trt
MI_T,.39766937,.13066342,.5,trt
MI_LOGT,.39443925,.18149187,.5,trt
CC,.38221744,.11162943,.5,trt
MI_T,.32250038,.11768562,.5,trt
MI_LOGT,.35172141,.10702148,.5,trt
CC,.62843776,.14101546,.5,trt
MI_T,.50541955,.12366448,.5,trt
MI_LOGT,.53283465,.1209678,.5,trt
CC,.51650733,.14895079,.5,trt
MI_T,.38248977,.1464771,.5,trt
MI_LOGT,.44719079,.14006172,.5,trt
CC,.58491331,.17882726,.5,trt
MI_T,.55276954,.16120422,.5,trt
MI_LOGT,.56996942,.16327339,.5,trt
CC,.51980191,.14697072,.5,trt
MI_T,.51107734,.14475124,.5,trt
MI_LOGT,.51254654,.12326781,.5,trt
CC,.23334764,.1321554,.5,trt
MI_T,.25955424,.11235571,.5,trt
MI_LOGT,.23099083,.12140031,.5,trt
CC,.3688302,.16280316,.5,trt
MI_T,.26134029,.14473256,.5,trt
MI_LOGT,.31644753,.15951031,.5,trt
CC,.59315681,.16162167,.5,trt
MI_T,.59505713,.1390418,.5,trt
MI_LOGT,.6074093,.14058223,.5,trt
CC,.46992537,.16203493,.5,trt
MI_T,.51985985,.14778416,.5,trt
MI_LOGT,.52301085,.13960797,.5,trt
CC,.50172186,.18605845,.5,trt
MI_T,.46400598,.14360109,.5,trt
MI_LOGT,.4840672,.13442782,.5,trt
CC,.78814954,.16665947,.5,trt
MI_T,.70099103,.1422967,.5,trt
MI_LOGT,.68367356,.15272789,.5,trt
CC,.49197078,.11276674,.5,trt
MI_T,.53740239,.099203527,.5,trt
MI_LOGT,.51920819,.10525082,.5,trt
CC,.7081936,.16248086,.5,trt
MI_T,.54523581,.13546477,.5,trt
MI_LOGT,.49774173,.125643,.5,trt
CC,.63238764,.12952131,.5,trt
MI_T,.5724346,.11612201,.5,trt
MI_LOGT,.55450851,.11149032,.5,trt
CC,.42293683,.12739545,.5,trt
MI_T,.43637219,.10954969,.5,trt
MI_LOGT,.42107558,.11004372,.5,trt
CC,.61418855,.14675173,.5,trt
MI_T,.57592738,.13014191,.5,trt
MI_LOGT,.5586611,.15400502,.5,trt
CC,.59364522,.13647996,.5,trt
MI_T,.47498065,.10946609,.5,trt
MI_LOGT,.45957553,.1348194,.5,trt
CC,.49984711,.17296515,.5,trt
MI_T,.44553331,.1261719,.5,trt
MI_LOGT,.47750756,.15242885,.5,trt
CC,.60376632,.13837445,.5,trt
MI_T,.57496226,.10693107,.5,trt
MI_LOGT,.55025673,.12130263,.5,trt
CC,.59980243,.14987233,.5,trt
MI_T,.51873326,.11242661,.5,trt
MI_LOGT,.47165164,.12837769,.5,trt
CC,.3547008,.13910551,.5,trt
MI_T,.37147555,.12293993,.5,trt
MI_LOGT,.33157825,.11991184,.5,trt
CC,.45894963,.16022216,.5,trt
MI_T,.36036181,.12709282,.5,trt
MI_LOGT,.36885628,.13046716,.5,trt
CC,.5799365,.11482915,.5,trt
MI_T,.57224441,.10422925,.5,trt
MI_LOGT,.59077752,.096370444,.5,trt
CC,-.0092395339,.16418643,.5,trt
MI_T,-.14838292,.1427974,.5,trt
MI_LOGT,-.10804761,.15898751,.5,trt
CC,.44787803,.14014861,.5,trt
MI_T,.43008274,.13295412,.5,trt
MI_LOGT,.42046121,.1296187,.5,trt
CC,.72136152,.1387514,.5,trt
MI_T,.6586557,.11619638,.5,trt
MI_LOGT,.6556372,.11285329,.5,trt
CC,.66241765,.14598578,.5,trt
MI_T,.66124099,.13038394,.5,trt
MI_LOGT,.62495434,.12551494,.5,trt
CC,.29896399,.14050393,.5,trt
MI_T,.38811126,.13198702,.5,trt
MI_LOGT,.3664805,.13824473,.5,trt
CC,.63617629,.15716644,.5,trt
MI_T,.58790445,.13890649,.5,trt
MI_LOGT,.62128925,.13429797,.5,trt
CC,.7739166,.17693034,.5,trt
MI_T,.68729663,.14344005,.5,trt
MI_LOGT,.6254555,.16613618,.5,trt
CC,.54186922,.12042589,.5,trt
MI_T,.52630067,.11553677,.5,trt
MI_LOGT,.49011588,.12743759,.5,trt
CC,.435458,.14171687,.5,trt
MI_T,.38725191,.12156363,.5,trt
MI_LOGT,.41217732,.11799944,.5,trt
CC,.57177377,.13498819,.5,trt
MI_T,.47648188,.11897489,.5,trt
MI_LOGT,.56321955,.1168652,.5,trt
CC,.53781462,.13738926,.5,trt
MI_T,.50212228,.11562436,.5,trt
MI_LOGT,.58495635,.12100908,.5,trt
CC,.38328248,.13554031,.5,trt
MI_T,.41781259,.12282106,.5,trt
MI_LOGT,.37260559,.11884859,.5,trt
CC,.363545,.13548507,.5,trt
MI_T,.50695896,.15803473,.5,trt
MI_LOGT,.45956674,.1510385,.5,trt
CC,.51882535,.14720659,.5,trt
MI_T,.48421386,.12541173,.5,trt
MI_LOGT,.55742705,.16391553,.5,trt
CC,.47010988,.11817628,.5,trt
MI_T,.44744763,.10294037,.5,trt
MI_LOGT,.407354,.11892546,.5,trt
CC,.60642254,.14907505,.5,trt
MI_T,.66025805,.13525994,.5,trt
MI_LOGT,.62474871,.12623112,.5,trt
CC,.4171716,.13114519,.5,trt
MI_T,.44499546,.12369406,.5,trt
MI_LOGT,.44390228,.12301049,.5,trt
CC,.50101346,.13712518,.5,trt
MI_T,.5555501,.12683056,.5,trt
MI_LOGT,.5712136,.14420423,.5,trt
CC,.37228259,.1161199,.5,trt
MI_T,.38238037,.10529725,.5,trt
MI_LOGT,.38976207,.10501511,.5,trt
CC,.54937208,.13551855,.5,trt
MI_T,.56219667,.12461063,.5,trt
MI_LOGT,.55386823,.11986627,.5,trt
CC,.60349876,.15560237,.5,trt
MI_T,.62161922,.13185114,.5,trt
MI_LOGT,.55663794,.14133665,.5,trt
CC,.51614308,.15900272,.5,trt
MI_T,.42990544,.13820086,.5,trt
MI_LOGT,.43794551,.14077607,.5,trt
CC,.64743638,.15164007,.5,trt
MI_T,.60984313,.15116596,.5,trt
MI_LOGT,.66030371,.13842469,.5,trt
CC,.35235041,.15565477,.5,trt
MI_T,.332452,.14795583,.5,trt
MI_LOGT,.33095324,.15922509,.5,trt
CC,.40288863,.17652182,.5,trt
MI_T,.29889843,.12387506,.5,trt
MI_LOGT,.33769947,.1246682,.5,trt
CC,.38119003,.18256509,.5,trt
MI_T,.39189762,.16568713,.5,trt
MI_LOGT,.4391675,.15408629,.5,trt
CC,.35554799,.13157102,.5,trt
MI_T,.47850087,.14257421,.5,trt
MI_LOGT,.47217223,.12980214,.5,trt
CC,.74080479,.16506872,.5,trt
MI_T,.57022363,.12983246,.5,trt
MI_LOGT,.551489,.15249237,.5,trt
CC,.81976044,.14555581,.5,trt
MI_T,.8006255,.1334274,.5,trt
MI_LOGT,.82016474,.11812048,.5,trt
CC,.27442634,.13866924,.5,trt
MI_T,.2301013,.12935862,.5,trt
MI_LOGT,.1982512,.1423759,.5,trt
CC,.60429591,.13384719,.5,trt
MI_T,.62165713,.1182966,.5,trt
MI_LOGT,.58636492,.16523646,.5,trt
CC,.52603132,.1317047,.5,trt
MI_T,.4405722,.12559813,.5,trt
MI_LOGT,.48529279,.11801357,.5,trt
CC,.6396755,.15504709,.5,trt
MI_T,.52910262,.16109239,.5,trt
MI_LOGT,.60845524,.13993995,.5,trt
CC,.52343279,.13518871,.5,trt
MI_T,.4093751,.11910532,.5,trt
MI_LOGT,.4155536,.12007814,.5,trt
CC,.65494138,.14775556,.5,trt
MI_T,.55747563,.11764374,.5,trt
MI_LOGT,.6327104,.11733072,.5,trt
CC,.28409234,.12899207,.5,trt
MI_T,.21767776,.098525696,.5,trt
MI_LOGT,.22211169,.10923496,.5,trt
CC,.26514488,.14975002,.5,trt
MI_T,.22499466,.14502938,.5,trt
MI_LOGT,.16203283,.14885519,.5,trt
CC,.41530865,.14701954,.5,trt
MI_T,.39121458,.12959687,.5,trt
MI_LOGT,.42994452,.1337541,.5,trt
CC,.44768387,.15471806,.5,trt
MI_T,.47538233,.15058313,.5,trt
MI_LOGT,.42982191,.13249618,.5,trt
CC,.5511272,.13967493,.5,trt
MI_T,.53594011,.12801805,.5,trt
MI_LOGT,.59415418,.1309485,.5,trt
CC,.7329427,.14710596,.5,trt
MI_T,.65653336,.1339922,.5,trt
MI_LOGT,.71148777,.14207737,.5,trt
CC,.38479748,.1499681,.5,trt
MI_T,.41368783,.1554442,.5,trt
MI_LOGT,.3904013,.11842616,.5,trt
CC,.44693902,.11357853,.5,trt
MI_T,.39755499,.11223195,.5,trt
MI_LOGT,.40831429,.10950398,.5,trt
CC,.17733262,.13329911,.5,trt
MI_T,.25769579,.11412655,.5,trt
MI_LOGT,.24506512,.10739379,.5,trt
CC,.49502921,.12697862,.5,trt
MI_T,.47413713,.11703073,.5,trt
MI_LOGT,.41313115,.11840487,.5,trt
CC,.730241,.1449887,.5,trt
MI_T,.73209488,.17684962,.5,trt
MI_LOGT,.7750861,.14145911,.5,trt
CC,.59991562,.15468563,.5,trt
MI_T,.62305707,.12026007,.5,trt
MI_LOGT,.60809964,.13455802,.5,trt
CC,.62679493,.14217934,.5,trt
MI_T,.73861748,.12608097,.5,trt
MI_LOGT,.66772723,.14756675,.5,trt
CC,.33021972,.13032064,.5,trt
MI_T,.38540882,.11156036,.5,trt
MI_LOGT,.43018737,.10683101,.5,trt
CC,.6305005,.13131456,.5,trt
MI_T,.55215091,.12578845,.5,trt
MI_LOGT,.54424071,.11862997,.5,trt
CC,.57008725,.14612381,.5,trt
MI_T,.63141686,.13001217,.5,trt
MI_LOGT,.60985291,.14470501,.5,trt
CC,.73093367,.17045574,.5,trt
MI_T,.68859881,.15040065,.5,trt
MI_LOGT,.72168654,.14298058,.5,trt
CC,.33718121,.13665681,.5,trt
MI_T,.33893374,.14529257,.5,trt
MI_LOGT,.33625951,.12168568,.5,trt
CC,.6886816,.1639504,.5,trt
MI_T,.44048682,.13578035,.5,trt
MI_LOGT,.47291878,.13815327,.5,trt
CC,.60157454,.11581217,.5,trt
MI_T,.53121114,.12371447,.5,trt
MI_LOGT,.55221671,.1238527,.5,trt
CC,.6270169,.131486,.5,trt
MI_T,.53471434,.11897387,.5,trt
MI_LOGT,.54273176,.12014925,.5,trt
CC,.52185512,.1518503,.5,trt
MI_T,.51471049,.13370231,.5,trt
MI_LOGT,.56368881,.13193069,.5,trt
CC,.73580641,.17646103,.5,trt
MI_T,.66068274,.15148254,.5,trt
MI_LOGT,.7178399,.15644129,.5,trt
CC,.48378259,.14321291,.5,trt
MI_T,.44437903,.11716773,.5,trt
MI_LOGT,.45281547,.12439988,.5,trt
CC,.41750219,.12763344,.5,trt
MI_T,.40365404,.1188045,.5,trt
MI_LOGT,.39682546,.13463774,.5,trt
CC,.68039197,.14417982,.5,trt
MI_T,.65805018,.12319862,.5,trt
MI_LOGT,.67184055,.12102629,.5,trt
CC,.17732508,.14781912,.5,trt
MI_T,.1729458,.19540195,.5,trt
MI_LOGT,.12343831,.13610755,.5,trt
CC,.2752372,.14978582,.5,trt
MI_T,.35095367,.12948819,.5,trt
MI_LOGT,.24783251,.13219842,.5,trt
CC,.46747518,.15833786,.5,trt
MI_T,.52051097,.16002563,.5,trt
MI_LOGT,.49202043,.14381653,.5,trt
CC,.43038273,.16623972,.5,trt
MI_T,.43358913,.12594919,.5,trt
MI_LOGT,.44232661,.15438603,.5,trt
CC,.16496129,.14628264,.5,trt
MI_T,.21687178,.14467344,.5,trt
MI_LOGT,.20664901,.12752981,.5,trt
CC,.80286896,.1291934,.5,trt
MI_T,.75001556,.12477545,.5,trt
MI_LOGT,.73154986,.11694039,.5,trt
CC,.65540141,.13966084,.5,trt
MI_T,.67407107,.12046766,.5,trt
MI_LOGT,.62586427,.13140999,.5,trt
CC,.45005506,.14063525,.5,trt
MI_T,.46213129,.14566024,.5,trt
MI_LOGT,.46793586,.13032965,.5,trt
CC,.58665842,.16430882,.5,trt
MI_T,.45581067,.15455264,.5,trt
MI_LOGT,.51675004,.12649751,.5,trt
CC,.46303281,.17295571,.5,trt
MI_T,.505283,.17195335,.5,trt
MI_LOGT,.49235281,.15093035,.5,trt
CC,.54247379,.13855678,.5,trt
MI_T,.50298119,.12101831,.5,trt
MI_LOGT,.51973552,.12555362,.5,trt
CC,.81348848,.15934527,.5,trt
MI_T,.63420391,.12281772,.5,trt
MI_LOGT,.58210856,.14764473,.5,trt
CC,.28842086,.15900598,.5,trt
MI_T,.38719434,.14966084,.5,trt
MI_LOGT,.4250603,.14107709,.5,trt
CC,.54408056,.13976897,.5,trt
MI_T,.4732455,.11672525,.5,trt
MI_LOGT,.40813833,.14338055,.5,trt
CC,.64301568,.14833032,.5,trt
MI_T,.606502,.12846942,.5,trt
MI_LOGT,.63916826,.15803796,.5,trt
CC,.37172312,.12657872,.5,trt
MI_T,.42655596,.10244904,.5,trt
MI_LOGT,.45099962,.11001283,.5,trt
CC,.49645767,.1487028,.5,trt
MI_T,.50436038,.1356352,.5,trt
MI_LOGT,.57469779,.13217412,.5,trt
CC,.34833175,.14357047,.5,trt
MI_T,.40871909,.1258731,.5,trt
MI_LOGT,.38292032,.13078551,.5,trt
CC,.60438466,.12925051,.5,trt
MI_T,.59242374,.15059233,.5,trt
MI_LOGT,.63283211,.12228354,.5,trt
CC,.55063951,.13132089,.5,trt
MI_T,.43080553,.1160732,.5,trt
MI_LOGT,.3839443,.12462369,.5,trt
CC,.33885726,.12941493,.5,trt
MI_T,.33738688,.1420197,.5,trt
MI_LOGT,.32452217,.13523676,.5,trt
CC,.98411202,.17517169,.5,trt
MI_T,.97560257,.18194374,.5,trt
MI_LOGT,.93829465,.1618274,.5,trt
CC,.47662318,.17156683,.5,trt
MI_T,.50822389,.14877991,.5,trt
MI_LOGT,.54073542,.15496866,.5,trt
CC,.7021051,.15792525,.5,trt
MI_T,.63943368,.16248801,.5,trt
MI_LOGT,.59912467,.17785081,.5,trt
CC,.16338958,.14003029,.5,trt
MI_T,.20935975,.12599552,.5,trt
MI_LOGT,.19385596,.13164337,.5,trt
CC,.46121547,.13641159,.5,trt
MI_T,.42724231,.11489588,.5,trt
MI_LOGT,.45162874,.11740465,.5,trt
CC,.66461164,.15451214,.5,trt
MI_T,.68676412,.13461851,.5,trt
MI_LOGT,.63371944,.14562498,.5,trt
CC,.41329497,.12767251,.5,trt
MI_T,.49029583,.11823951,.5,trt
MI_LOGT,.47492361,.13677922,.5,trt
CC,.45336664,.14641164,.5,trt
MI_T,.43482593,.14670861,.5,trt
MI_LOGT,.45009884,.11588676,.5,trt
CC,.57057065,.13884656,.5,trt
MI_T,.54921925,.14483574,.5,trt
MI_LOGT,.58362854,.11946558,.5,trt
CC,.5388459,.15820992,.5,trt
MI_T,.44859946,.12114812,.5,trt
MI_LOGT,.52609313,.12892959,.5,trt
CC,.37795296,.13244188,.5,trt
MI_T,.34566724,.14688891,.5,trt
MI_LOGT,.32851917,.13883832,.5,trt
CC,.60845536,.11888701,.5,trt
MI_T,.58429819,.11193889,.5,trt
MI_LOGT,.57475895,.10553987,.5,trt
CC,.54602194,.1285512,.5,trt
MI_T,.52971709,.11243577,.5,trt
MI_LOGT,.57841098,.11691304,.5,trt
CC,.3223331,.15715274,.5,trt
MI_T,.3038342,.13803676,.5,trt
MI_LOGT,.36799818,.16043128,.5,trt
CC,.29034081,.13236564,.5,trt
MI_T,.33967966,.11131857,.5,trt
MI_LOGT,.33690798,.10831559,.5,trt
CC,.33128986,.15707943,.5,trt
MI_T,.36405867,.1390994,.5,trt
MI_LOGT,.34893644,.12372855,.5,trt
CC,.51352632,.14102177,.5,trt
MI_T,.55759943,.11730054,.5,trt
MI_LOGT,.54115415,.12938017,.5,trt
CC,.92391205,.14934422,.5,trt
MI_T,.86618453,.13398811,.5,trt
MI_LOGT,.84764624,.13861598,.5,trt
CC,.80197221,.17225301,.5,trt
MI_T,.58874369,.14055203,.5,trt
MI_LOGT,.68273646,.157464,.5,trt
CC,.44804028,.14904678,.5,trt
MI_T,.4328751,.15115291,.5,trt
MI_LOGT,.44552726,.14814532,.5,trt
CC,.71732354,.13428186,.5,trt
MI_T,.68751502,.12668054,.5,trt
MI_LOGT,.63241631,.13706353,.5,trt
CC,.720761,.13496858,.5,trt
MI_T,.64593488,.12603185,.5,trt
MI_LOGT,.67683345,.12861933,.5,trt
CC,.61377215,.14231966,.5,trt
MI_T,.49502277,.11789439,.5,trt
MI_LOGT,.48355535,.13806418,.5,trt
CC,.47707355,.12345635,.5,trt
MI_T,.53277642,.11777794,.5,trt
MI_LOGT,.52355504,.12125829,.5,trt
CC,.43121669,.14078423,.5,trt
MI_T,.43691084,.12767021,.5,trt
MI_LOGT,.40596521,.12526232,.5,trt
CC,.50574452,.12040431,.5,trt
MI_T,.55051094,.1251507,.5,trt
MI_LOGT,.5957424,.13263175,.5,trt
CC,.31157157,.16852891,.5,trt
MI_T,.3704448,.16245741,.5,trt
MI_LOGT,.33606791,.14845295,.5,trt
CC,.60191822,.15150681,.5,trt
MI_T,.56792212,.14381319,.5,trt
MI_LOGT,.50711423,.11246901,.5,trt
CC,.23100455,.12673734,.5,trt
MI_T,.35280159,.11021152,.5,trt
MI_LOGT,.34249085,.12615182,.5,trt
CC,.34476653,.14605299,.5,trt
MI_T,.32110623,.13723272,.5,trt
MI_LOGT,.2791011,.13844836,.5,trt
CC,.38710272,.13952881,.5,trt
MI_T,.49210471,.13414751,.5,trt
MI_LOGT,.46491367,.11673862,.5,trt
CC,.46225053,.15684915,.5,trt
MI_T,.44074693,.14002365,.5,trt
MI_LOGT,.37773904,.12059531,.5,trt
CC,.61768198,.1584129,.5,trt
MI_T,.45196161,.12634726,.5,trt
MI_LOGT,.5083887,.12166674,.5,trt
CC,.67859191,.15527591,.5,trt
MI_T,.56859279,.13939855,.5,trt
MI_LOGT,.59247553,.12374639,.5,trt
CC,.80883348,.17011367,.5,trt
MI_T,.74259067,.14100248,.5,trt
MI_LOGT,.67809224,.13405015,.5,trt
CC,.72513914,.14912243,.5,trt
MI_T,.49416938,.10513217,.5,trt
MI_LOGT,.56775087,.1142196,.5,trt
CC,.5114463,.13660724,.5,trt
MI_T,.36691704,.12551814,.5,trt
MI_LOGT,.40164059,.12267306,.5,trt
CC,.64330745,.14463289,.5,trt
MI_T,.70210648,.12789004,.5,trt
MI_LOGT,.65023923,.15940781,.5,trt
CC,.70046723,.1707992,.5,trt
MI_T,.63047135,.16812803,.5,trt
MI_LOGT,.65092099,.16322188,.5,trt
CC,.43083951,.13887924,.5,trt
MI_T,.3497012,.11572704,.5,trt
MI_LOGT,.40893677,.12569137,.5,trt
CC,.53519344,.16730735,.5,trt
MI_T,.40933675,.15861687,.5,trt
MI_LOGT,.47077015,.14978614,.5,trt
CC,.44081011,.15400891,.5,trt
MI_T,.51623648,.14876342,.5,trt
MI_LOGT,.48338321,.12775707,.5,trt
CC,.43782085,.16276494,.5,trt
MI_T,.38795874,.13365288,.5,trt
MI_LOGT,.40454155,.13075052,.5,trt
CC,.29533952,.1327356,.5,trt
MI_T,.37524903,.12796341,.5,trt
MI_LOGT,.33477306,.12029283,.5,trt
CC,.39944398,.15909791,.5,trt
MI_T,.40576988,.13966703,.5,trt
MI_LOGT,.40600434,.15485896,.5,trt
CC,.37518001,.12717268,.5,trt
MI_T,.3502911,.11337261,.5,trt
MI_LOGT,.35973522,.11946729,.5,trt
CC,.41997322,.14349006,.5,trt
MI_T,.48178661,.13262485,.5,trt
MI_LOGT,.49519181,.13239282,.5,trt
CC,.45347032,.1251937,.5,trt
MI_T,.46966612,.10921548,.5,trt
MI_LOGT,.49337748,.12237777,.5,trt
CC,.43340105,.13012278,.5,trt
MI_T,.54591471,.11564881,.5,trt
MI_LOGT,.51302356,.12208279,.5,trt
CC,.35749397,.13085409,.5,trt
MI_T,.3236928,.11904075,.5,trt
MI_LOGT,.31651622,.11457049,.5,trt
CC,.48888618,.1360433,.5,trt
MI_T,.29972243,.13495773,.5,trt
MI_LOGT,.39158398,.11412782,.5,trt
CC,.52847213,.11690789,.5,trt
MI_T,.49967116,.10165899,.5,trt
MI_LOGT,.48903301,.11476542,.5,trt
CC,.64487535,.15942793,.5,trt
MI_T,.49958605,.1270013,.5,trt
MI_LOGT,.47888362,.13775845,.5,trt
CC,.43494737,.15387426,.5,trt
MI_T,.41421399,.11527452,.5,trt
MI_LOGT,.42033106,.11639004,.5,trt
CC,.44638625,.13987365,.5,trt
MI_T,.45018703,.13654068,.5,trt
MI_LOGT,.45687237,.1205602,.5,trt
CC,.49868554,.14554843,.5,trt
MI_T,.49442181,.14586069,.5,trt
MI_LOGT,.48294243,.127721,.5,trt
CC,.54150099,.13892385,.5,trt
MI_T,.56688035,.13850763,.5,trt
MI_LOGT,.58032942,.12215946,.5,trt
CC,.32595637,.14561549,.5,trt
MI_T,.38084099,.13266608,.5,trt
MI_LOGT,.37006131,.12545472,.5,trt
CC,.26656467,.14710252,.5,trt
MI_T,.33003962,.13209547,.5,trt
MI_LOGT,.33417112,.12800676,.5,trt
CC,.49643573,.13777162,.5,trt
MI_T,.6024577,.12009949,.5,trt
MI_LOGT,.58504593,.12054335,.5,trt
CC,.41298935,.1354271,.5,trt
MI_T,.48792225,.14703539,.5,trt
MI_LOGT,.48323786,.12374694,.5,trt
CC,.27966252,.15376627,.5,trt
MI_T,.31780067,.17063531,.5,trt
MI_LOGT,.33544618,.12347317,.5,trt
CC,.52996635,.14192472,.5,trt
MI_T,.46766055,.13376926,.5,trt
MI_LOGT,.45504293,.1330345,.5,trt
CC,.44038585,.14420404,.5,trt
MI_T,.37758106,.13551135,.5,trt
MI_LOGT,.34098098,.12202361,.5,trt
CC,.37772119,.14001068,.5,trt
MI_T,.47944996,.13414663,.5,trt
MI_LOGT,.46974567,.123077,.5,trt
CC,.70746064,.1833566,.5,trt
MI_T,.68941146,.19106765,.5,trt
MI_LOGT,.53971821,.15654871,.5,trt
CC,.33724821,.13131961,.5,trt
MI_T,.30831614,.10592593,.5,trt
MI_LOGT,.32383275,.12689957,.5,trt
CC,.49772197,.13325891,.5,trt
MI_T,.31686383,.13182694,.5,trt
MI_LOGT,.39929423,.1120165,.5,trt
CC,.63733709,.17780474,.5,trt
MI_T,.57453322,.16373613,.5,trt
MI_LOGT,.62662661,.14983839,.5,trt
CC,.59877729,.12863263,.5,trt
MI_T,.64060479,.1161139,.5,trt
MI_LOGT,.65384299,.12212561,.5,trt
CC,.67331654,.14400427,.5,trt
MI_T,.61298168,.11866619,.5,trt
MI_LOGT,.58427697,.13667813,.5,trt
CC,.51154089,.12788434,.5,trt
MI_T,.53896052,.12403835,.5,trt
MI_LOGT,.56798148,.12432861,.5,trt
CC,.5329935,.14708695,.5,trt
MI_T,.52226126,.12407574,.5,trt
MI_LOGT,.50984049,.14694875,.5,trt
CC,.30954057,.17750965,.5,trt
MI_T,.33086312,.14620936,.5,trt
MI_LOGT,.4545714,.14872634,.5,trt
CC,.79441065,.1734025,.5,trt
MI_T,.79655474,.13131917,.5,trt
MI_LOGT,.76569676,.13009149,.5,trt
CC,.53679109,.13954552,.5,trt
MI_T,.49413881,.12056063,.5,trt
MI_LOGT,.45965546,.13709836,.5,trt
CC,.60504961,.1717895,.5,trt
MI_T,.73505467,.1613525,.5,trt
MI_LOGT,.66379112,.15463245,.5,trt
CC,.63278121,.13931172,.5,trt
MI_T,.52883446,.13899596,.5,trt
MI_LOGT,.54836017,.1339108,.5,trt
CC,.53591484,.14929093,.5,trt
MI_T,.48589113,.1676517,.5,trt
MI_LOGT,.48633566,.17505187,.5,trt
CC,.21594207,.13285412,.5,trt
MI_T,.20068958,.11526991,.5,trt
MI_LOGT,.218942,.1133865,.5,trt
CC,.73427385,.15206806,.5,trt
MI_T,.67270035,.12261726,.5,trt
MI_LOGT,.71745443,.13352567,.5,trt
CC,.44019192,.1299652,.5,trt
MI_T,.34746295,.10393076,.5,trt
MI_LOGT,.33680302,.10807284,.5,trt
CC,.48554531,.14947131,.5,trt
MI_T,.47013497,.12768145,.5,trt
MI_LOGT,.49561387,.13042715,.5,trt
CC,.44051549,.12967443,.5,trt
MI_T,.46984312,.11935756,.5,trt
MI_LOGT,.41396126,.12908505,.5,trt
CC,.56053174,.18416958,.5,trt
MI_T,.49582851,.14141692,.5,trt
MI_LOGT,.52257472,.16817044,.5,trt
CC,.41517517,.13692264,.5,trt
MI_T,.40257174,.11181148,.5,trt
MI_LOGT,.38140851,.13309653,.5,trt
CC,.33712754,.13418798,.5,trt
MI_T,.45678014,.12358723,.5,trt
MI_LOGT,.41937536,.13216048,.5,trt
CC,.58278197,.17159972,.5,trt
MI_T,.53961813,.13379237,.5,trt
MI_LOGT,.45935526,.1395866,.5,trt
CC,.42488489,.16742061,.5,trt
MI_T,.47190902,.13313256,.5,trt
MI_LOGT,.37781456,.16887581,.5,trt
CC,.87506068,.16423139,.5,trt
MI_T,.84162843,.14345539,.5,trt
MI_LOGT,.87847823,.15138106,.5,trt
CC,.57325369,.13432258,.5,trt
MI_T,.48334751,.12472896,.5,trt
MI_LOGT,.48375317,.11626381,.5,trt
CC,.44725993,.11892036,.5,trt
MI_T,.48604238,.10677107,.5,trt
MI_LOGT,.54674798,.10552257,.5,trt
CC,.82544988,.17362151,.5,trt
MI_T,.698327,.16178827,.5,trt
MI_LOGT,.69795364,.19006784,.5,trt
CC,.46769077,.13244985,.5,trt
MI_T,.40115479,.12009212,.5,trt
MI_LOGT,.43337092,.11794084,.5,trt
CC,.48984849,.13633893,.5,trt
MI_T,.55625463,.13742094,.5,trt
MI_LOGT,.55312014,.13662754,.5,trt
CC,.61724448,.15579662,.5,trt
MI_T,.5061543,.12353601,.5,trt
MI_LOGT,.51903993,.14466932,.5,trt
CC,.48270151,.16450819,.5,trt
MI_T,.40622851,.1297079,.5,trt
MI_LOGT,.44998774,.13166878,.5,trt
CC,.38653305,.13873024,.5,trt
MI_T,.38239306,.13018465,.5,trt
MI_LOGT,.46732235,.11934663,.5,trt
CC,.54935217,.16112728,.5,trt
MI_T,.48063722,.13398585,.5,trt
MI_LOGT,.42170763,.19510764,.5,trt
CC,.73597974,.15609488,.5,trt
MI_T,.60398978,.12254638,.5,trt
MI_LOGT,.70426631,.15521629,.5,trt
CC,.38676023,.14430039,.5,trt
MI_T,.39953619,.1431357,.5,trt
MI_LOGT,.44324911,.13636598,.5,trt
CC,.69028687,.15849884,.5,trt
MI_T,.62797391,.1343382,.5,trt
MI_LOGT,.63164395,.17942192,.5,trt
CC,.3766306,.12365071,.5,trt
MI_T,.41381508,.11859207,.5,trt
MI_LOGT,.3680791,.12402865,.5,trt
CC,.7295137,.19217025,.5,trt
MI_T,.78227717,.16404951,.5,trt
MI_LOGT,.75005859,.15454295,.5,trt
CC,.57104218,.13047981,.5,trt
MI_T,.51593083,.13313612,.5,trt
MI_LOGT,.50952673,.11958332,.5,trt
CC,.40698728,.16385604,.5,trt
MI_T,.48775497,.13865748,.5,trt
MI_LOGT,.52839559,.1491717,.5,trt
CC,.52933598,.16060609,.5,trt
MI_T,.46178675,.18952611,.5,trt
MI_LOGT,.39437568,.12178283,.5,trt
CC,.73076338,.14393584,.5,trt
MI_T,.67608446,.12575208,.5,trt
MI_LOGT,.62569284,.13100246,.5,trt
CC,.53128088,.13522683,.5,trt
MI_T,.61753464,.12248895,.5,trt
MI_LOGT,.60133213,.12763049,.5,trt
CC,.38335302,.13796972,.5,trt
MI_T,.37176722,.11747927,.5,trt
MI_LOGT,.32013044,.12787813,.5,trt
CC,.77560526,.17170127,.5,trt
MI_T,.81094271,.16177863,.5,trt
MI_LOGT,.7650311,.1442091,.5,trt
CC,.58619618,.15318969,.5,trt
MI_T,.66865724,.12400625,.5,trt
MI_LOGT,.68571645,.12587915,.5,trt
CC,.47373948,.14425369,.5,trt
MI_T,.56867331,.12278488,.5,trt
MI_LOGT,.51820964,.12744771,.5,trt
CC,.56217748,.15419331,.5,trt
MI_T,.45087945,.1349183,.5,trt
MI_LOGT,.46613601,.13856736,.5,trt
CC,.40581486,.14114936,.5,trt
MI_T,.50561672,.12131349,.5,trt
MI_LOGT,.48051295,.13350901,.5,trt
CC,.48759967,.13737248,.5,trt
MI_T,.4676584,.14890026,.5,trt
MI_LOGT,.43410078,.15740445,.5,trt
CC,.71466833,.13396497,.5,trt
MI_T,.69049972,.12486596,.5,trt
MI_LOGT,.69329447,.13071904,.5,trt
CC,.46060169,.15361966,.5,trt
MI_T,.46074539,.15127753,.5,trt
MI_LOGT,.52833122,.14687069,.5,trt
CC,.57484025,.14389881,.5,trt
MI_T,.56786978,.1350771,.5,trt
MI_LOGT,.59980196,.13346057,.5,trt
CC,.42403433,.15094201,.5,trt
MI_T,.55316359,.13833588,.5,trt
MI_LOGT,.50291204,.13575502,.5,trt
CC,.31041285,.13149832,.5,trt
MI_T,.3508656,.11841219,.5,trt
MI_LOGT,.33164513,.1238783,.5,trt
CC,.45979172,.14772791,.5,trt
MI_T,.49963993,.15224591,.5,trt
MI_LOGT,.51544207,.13614661,.5,trt
CC,.20617776,.15391929,.5,trt
MI_T,.16323613,.15373805,.5,trt
MI_LOGT,.15516107,.14033377,.5,trt
CC,.45493937,.1128612,.5,trt
MI_T,.43960717,.1213,.5,trt
MI_LOGT,.48921022,.11756934,.5,trt
CC,.53539473,.13483678,.5,trt
MI_T,.50290793,.13848484,.5,trt
MI_LOGT,.51703167,.1271901,.5,trt
CC,.6146704,.12394245,.5,trt
MI_T,.54733181,.10081501,.5,trt
MI_LOGT,.51903188,.1057535,.5,trt
CC,.53603721,.14785558,.5,trt
MI_T,.48198858,.12484187,.5,trt
MI_LOGT,.46407148,.11584287,.5,trt
CC,.37438741,.14222042,.5,trt
MI_T,.33728063,.12038446,.5,trt
MI_LOGT,.31468984,.12582268,.5,trt
CC,.45655087,.11193413,.5,trt
MI_T,.44794071,.10444784,.5,trt
MI_LOGT,.44434035,.10762663,.5,trt
CC,.91046435,.17515464,.5,trt
MI_T,.68028182,.15959676,.5,trt
MI_LOGT,.66918606,.15041722,.5,trt
CC,.26445368,.12753975,.5,trt
MI_T,.34566587,.1264157,.5,trt
MI_LOGT,.33714846,.10895236,.5,trt
CC,.46673116,.11321876,.5,trt
MI_T,.47002831,.092702635,.5,trt
MI_LOGT,.43689185,.10061634,.5,trt
CC,.42051733,.13687782,.5,trt
MI_T,.4780407,.11260077,.5,trt
MI_LOGT,.4416264,.11266208,.5,trt
CC,.46526629,.13815497,.5,trt
MI_T,.36672679,.11930025,.5,trt
MI_LOGT,.41372067,.11749545,.5,trt
CC,.6361202,.16387068,.5,trt
MI_T,.55616248,.13710918,.5,trt
MI_LOGT,.52475524,.15481101,.5,trt
CC,.37089771,.13896477,.5,trt
MI_T,.42863044,.12257914,.5,trt
MI_LOGT,.44764632,.12384856,.5,trt
CC,.56746829,.1451899,.5,trt
MI_T,.57541692,.13791199,.5,trt
MI_LOGT,.51460642,.12390211,.5,trt
CC,.54331923,.16935611,.5,trt
MI_T,.50026762,.15848297,.5,trt
MI_LOGT,.47084066,.14883754,.5,trt
CC,.64857274,.19337481,.5,trt
MI_T,.48594695,.14226572,.5,trt
MI_LOGT,.45018211,.17280827,.5,trt
CC,.54013842,.15446456,.5,trt
MI_T,.45396304,.12799856,.5,trt
MI_LOGT,.45468378,.12760182,.5,trt
CC,.41510156,.15872136,.5,trt
MI_T,.34847417,.15399142,.5,trt
MI_LOGT,.3718541,.13062574,.5,trt
CC,.52777767,.12887162,.5,trt
MI_T,.54050094,.11939106,.5,trt
MI_LOGT,.50873262,.11281314,.5,trt
CC,.48518696,.14470492,.5,trt
MI_T,.47580031,.14155854,.5,trt
MI_LOGT,.47746772,.12235591,.5,trt
CC,.69558048,.17746252,.5,trt
MI_T,.522255,.15189031,.5,trt
MI_LOGT,.55983573,.14074613,.5,trt
CC,.45941901,.14733501,.5,trt
MI_T,.37782976,.13642558,.5,trt
MI_LOGT,.40076452,.1255006,.5,trt
CC,.38261282,.13290195,.5,trt
MI_T,.30614212,.1340789,.5,trt
MI_LOGT,.31396204,.1132261,.5,trt
CC,.33328384,.12431261,.5,trt
MI_T,.33381376,.11369435,.5,trt
MI_LOGT,.37338436,.1068966,.5,trt
CC,.32994556,.12060819,.5,trt
MI_T,.44542053,.11555604,.5,trt
MI_LOGT,.42955106,.11516792,.5,trt
CC,.56641346,.14820367,.5,trt
MI_T,.41220456,.12474739,.5,trt
MI_LOGT,.43267569,.12200686,.5,trt
CC,.44952279,.16434117,.5,trt
MI_T,.57550848,.16792485,.5,trt
MI_LOGT,.56459171,.17144801,.5,trt
CC,.60829145,.14237107,.5,trt
MI_T,.72186548,.12163818,.5,trt
MI_LOGT,.62027669,.16567297,.5,trt
CC,.24173096,.12729438,.5,trt
MI_T,.25257072,.12525396,.5,trt
MI_LOGT,.29852605,.10882895,.5,trt
CC,.67559606,.16550238,.5,trt
MI_T,.58644456,.1365125,.5,trt
MI_LOGT,.63963002,.15461014,.5,trt
CC,.4762072,.17039971,.5,trt
MI_T,.53308934,.17442392,.5,trt
MI_LOGT,.55450505,.15216993,.5,trt
CC,.61439598,.16740821,.5,trt
MI_T,.57096094,.17441508,.5,trt
MI_LOGT,.55333471,.13677178,.5,trt
CC,.76511306,.14711928,.5,trt
MI_T,.54332238,.14443249,.5,trt
MI_LOGT,.5544154,.13403599,.5,trt
CC,.45611489,.14131632,.5,trt
MI_T,.38428953,.12376501,.5,trt
MI_LOGT,.40898845,.13101685,.5,trt
CC,.43080965,.11106848,.5,trt
MI_T,.41908845,.10977879,.5,trt
MI_LOGT,.39171746,.10290584,.5,trt
